-- phpMyAdmin SQL Dump
-- version 4.9.5deb2
-- https://www.phpmyadmin.net/
--
-- Host: localhost:3306
-- Generation Time: Nov 17, 2021 at 04:08 AM
-- Server version: 8.0.21
-- PHP Version: 7.4.11

SET SQL_MODE = "NO_AUTO_VALUE_ON_ZERO";
SET AUTOCOMMIT = 0;
START TRANSACTION;
SET time_zone = "+00:00";


/*!40101 SET @OLD_CHARACTER_SET_CLIENT=@@CHARACTER_SET_CLIENT */;
/*!40101 SET @OLD_CHARACTER_SET_RESULTS=@@CHARACTER_SET_RESULTS */;
/*!40101 SET @OLD_COLLATION_CONNECTION=@@COLLATION_CONNECTION */;
/*!40101 SET NAMES utf8mb4 */;

--
-- Database: `skpa_safe_spaces_hubs`
--

-- --------------------------------------------------------

--
-- Table structure for table `category`
--

CREATE TABLE `category` (
  `id` int NOT NULL,
  `name` varchar(255) NOT NULL,
  `icon` varchar(500) NOT NULL,
  `short_name` varchar(50) NOT NULL,
  `color_code` varchar(255) NOT NULL
) ENGINE=InnoDB DEFAULT CHARSET=utf8mb4 COLLATE=utf8mb4_0900_ai_ci;

--
-- Dumping data for table `category`
--

INSERT INTO `category` (`id`, `name`, `icon`, `short_name`, `color_code`) VALUES
(1, 'Safe Spaces', '', 'hubs', '#b5d281'),
(2, 'PrEP', '', 'prep', '#a58bbf'),
(3, 'PEP', '', 'pep', '#fbb57b'),
(4, 'Treatment Facility', '', 'treatment', '#90d8e3');

-- --------------------------------------------------------

--
-- Table structure for table `city`
--

CREATE TABLE `city` (
  `id` int NOT NULL,
  `province_id` int NOT NULL,
  `name` varchar(255) CHARACTER SET utf8 COLLATE utf8_unicode_ci DEFAULT NULL
) ENGINE=InnoDB DEFAULT CHARSET=utf8 COLLATE=utf8_unicode_ci;

--
-- Dumping data for table `city`
--

INSERT INTO `city` (`id`, `province_id`, `name`) VALUES
(1, 1, 'ADAMS'),
(2, 1, 'BACARRA'),
(3, 1, 'BADOC'),
(4, 1, 'BANGUI'),
(11, 1, 'BANNA (ESPIRITU)'),
(6, 1, 'BURGOS'),
(7, 1, 'CARASI'),
(5, 1, 'CITY OF BATAC'),
(12, 1, 'CITY OF LAOAG (Capital)'),
(8, 1, 'CURRIMAO'),
(9, 1, 'DINGRAS'),
(10, 1, 'DUMALNEG'),
(13, 1, 'MARCOS'),
(14, 1, 'NUEVA ERA'),
(15, 1, 'PAGUDPUD'),
(16, 1, 'PAOAY'),
(17, 1, 'PASUQUIN'),
(18, 1, 'PIDDIG'),
(19, 1, 'PINILI'),
(20, 1, 'SAN NICOLAS'),
(21, 1, 'SARRAT'),
(22, 1, 'SOLSONA'),
(23, 1, 'VINTAR'),
(24, 2, 'ALILEM'),
(25, 2, 'BANAYOYO'),
(26, 2, 'BANTAY'),
(27, 2, 'BURGOS'),
(28, 2, 'CABUGAO'),
(30, 2, 'CAOAYAN'),
(31, 2, 'CERVANTES'),
(29, 2, 'CITY OF CANDON'),
(57, 2, 'CITY OF VIGAN (Capital)'),
(32, 2, 'GALIMUYOD'),
(33, 2, 'GREGORIO DEL PILAR (CONCEPCION)'),
(34, 2, 'LIDLIDDA'),
(35, 2, 'MAGSINGAL'),
(36, 2, 'NAGBUKEL'),
(37, 2, 'NARVACAN'),
(38, 2, 'QUIRINO (ANGKAKI)'),
(39, 2, 'SALCEDO (BAUGEN)'),
(40, 2, 'SAN EMILIO'),
(41, 2, 'SAN ESTEBAN'),
(42, 2, 'SAN ILDEFONSO'),
(43, 2, 'SAN JUAN (LAPOG)'),
(44, 2, 'SAN VICENTE'),
(45, 2, 'SANTA'),
(46, 2, 'SANTA CATALINA'),
(47, 2, 'SANTA CRUZ'),
(48, 2, 'SANTA LUCIA'),
(49, 2, 'SANTA MARIA'),
(50, 2, 'SANTIAGO'),
(51, 2, 'SANTO DOMINGO'),
(52, 2, 'SIGAY'),
(53, 2, 'SINAIT'),
(54, 2, 'SUGPON'),
(55, 2, 'SUYO'),
(56, 2, 'TAGUDIN'),
(58, 3, 'AGOO'),
(59, 3, 'ARINGAY'),
(60, 3, 'BACNOTAN'),
(61, 3, 'BAGULIN'),
(62, 3, 'BALAOAN'),
(63, 3, 'BANGAR'),
(64, 3, 'BAUANG'),
(65, 3, 'BURGOS'),
(66, 3, 'CABA'),
(71, 3, 'CITY OF SAN FERNANDO (Capital)'),
(67, 3, 'LUNA'),
(68, 3, 'NAGUILIAN'),
(69, 3, 'PUGO'),
(70, 3, 'ROSARIO'),
(72, 3, 'SAN GABRIEL'),
(73, 3, 'SAN JUAN'),
(74, 3, 'SANTO TOMAS'),
(75, 3, 'SANTOL'),
(76, 3, 'SUDIPEN'),
(77, 3, 'TUBAO'),
(78, 4, 'AGNO'),
(79, 4, 'AGUILAR'),
(81, 4, 'ALCALA'),
(82, 4, 'ANDA'),
(83, 4, 'ASINGAN'),
(84, 4, 'BALUNGAO'),
(85, 4, 'BANI'),
(86, 4, 'BASISTA'),
(87, 4, 'BAUTISTA'),
(88, 4, 'BAYAMBANG'),
(89, 4, 'BINALONAN'),
(90, 4, 'BINMALEY'),
(91, 4, 'BOLINAO'),
(92, 4, 'BUGALLON'),
(93, 4, 'BURGOS'),
(94, 4, 'CALASIAO'),
(80, 4, 'CITY OF ALAMINOS'),
(95, 4, 'CITY OF DAGUPAN'),
(109, 4, 'CITY OF SAN CARLOS'),
(123, 4, 'CITY OF URDANETA'),
(96, 4, 'DASOL'),
(97, 4, 'INFANTA'),
(98, 4, 'LABRADOR'),
(125, 4, 'LAOAC'),
(99, 4, 'LINGAYEN (Capital)'),
(100, 4, 'MABINI'),
(101, 4, 'MALASIQUI'),
(102, 4, 'MANAOAG'),
(103, 4, 'MANGALDAN'),
(104, 4, 'MANGATAREM'),
(105, 4, 'MAPANDAN'),
(106, 4, 'NATIVIDAD'),
(107, 4, 'POZORRUBIO'),
(108, 4, 'ROSALES'),
(110, 4, 'SAN FABIAN'),
(111, 4, 'SAN JACINTO'),
(112, 4, 'SAN MANUEL'),
(113, 4, 'SAN NICOLAS'),
(114, 4, 'SAN QUINTIN'),
(115, 4, 'SANTA BARBARA'),
(116, 4, 'SANTA MARIA'),
(117, 4, 'SANTO TOMAS'),
(118, 4, 'SISON'),
(119, 4, 'SUAL'),
(120, 4, 'TAYUG'),
(121, 4, 'UMINGAN'),
(122, 4, 'URBIZTONDO'),
(124, 4, 'VILLASIS'),
(126, 5, 'BASCO (Capital)'),
(127, 5, 'ITBAYAT'),
(128, 5, 'IVANA'),
(129, 5, 'MAHATAO'),
(130, 5, 'SABTANG'),
(131, 5, 'UYUGAN'),
(132, 6, 'ABULUG'),
(133, 6, 'ALCALA'),
(134, 6, 'ALLACAPAN'),
(135, 6, 'AMULUNG'),
(136, 6, 'APARRI'),
(137, 6, 'BAGGAO'),
(138, 6, 'BALLESTEROS'),
(139, 6, 'BUGUEY'),
(140, 6, 'CALAYAN'),
(141, 6, 'CAMALANIUGAN'),
(142, 6, 'CLAVERIA'),
(143, 6, 'ENRILE'),
(144, 6, 'GATTARAN'),
(145, 6, 'GONZAGA'),
(146, 6, 'IGUIG'),
(147, 6, 'LAL-LO'),
(148, 6, 'LASAM'),
(149, 6, 'PAMPLONA'),
(150, 6, 'PEÑABLANCA'),
(151, 6, 'PIAT'),
(152, 6, 'RIZAL'),
(153, 6, 'SANCHEZ-MIRA'),
(154, 6, 'SANTA ANA'),
(155, 6, 'SANTA PRAXEDES'),
(156, 6, 'SANTA TERESITA'),
(157, 6, 'SANTO NIÑO (FAIRE)'),
(158, 6, 'SOLANA'),
(159, 6, 'TUAO'),
(160, 6, 'TUGUEGARAO CITY (Capital)'),
(161, 7, 'ALICIA'),
(162, 7, 'ANGADANAN'),
(163, 7, 'AURORA'),
(164, 7, 'BENITO SOLIVEN'),
(165, 7, 'BURGOS'),
(166, 7, 'CABAGAN'),
(167, 7, 'CABATUAN'),
(168, 7, 'CITY OF CAUAYAN'),
(174, 7, 'CITY OF ILAGAN (Capital)'),
(195, 7, 'CITY OF SANTIAGO'),
(169, 7, 'CORDON'),
(178, 7, 'DELFIN ALBANO (MAGSAYSAY)'),
(170, 7, 'DINAPIGUE'),
(171, 7, 'DIVILACAN'),
(172, 7, 'ECHAGUE'),
(173, 7, 'GAMU'),
(175, 7, 'JONES'),
(176, 7, 'LUNA'),
(177, 7, 'MACONACON'),
(179, 7, 'MALLIG'),
(180, 7, 'NAGUILIAN'),
(181, 7, 'PALANAN'),
(182, 7, 'QUEZON'),
(183, 7, 'QUIRINO'),
(184, 7, 'RAMON'),
(185, 7, 'REINA MERCEDES'),
(186, 7, 'ROXAS'),
(187, 7, 'SAN AGUSTIN'),
(188, 7, 'SAN GUILLERMO'),
(189, 7, 'SAN ISIDRO'),
(190, 7, 'SAN MANUEL'),
(191, 7, 'SAN MARIANO'),
(192, 7, 'SAN MATEO'),
(193, 7, 'SAN PABLO'),
(194, 7, 'SANTA MARIA'),
(196, 7, 'SANTO TOMAS'),
(197, 7, 'TUMAUINI'),
(212, 8, 'ALFONSO CASTANEDA'),
(198, 8, 'AMBAGUIO'),
(199, 8, 'ARITAO'),
(200, 8, 'BAGABAG'),
(201, 8, 'BAMBANG'),
(202, 8, 'BAYOMBONG (Capital)'),
(203, 8, 'DIADI'),
(204, 8, 'DUPAX DEL NORTE'),
(205, 8, 'DUPAX DEL SUR'),
(206, 8, 'KASIBU'),
(207, 8, 'KAYAPA'),
(208, 8, 'QUEZON'),
(209, 8, 'SANTA FE'),
(210, 8, 'SOLANO'),
(211, 8, 'VILLAVERDE'),
(213, 9, 'AGLIPAY'),
(214, 9, 'CABARROGUIS (Capital)'),
(215, 9, 'DIFFUN'),
(216, 9, 'MADDELA'),
(218, 9, 'NAGTIPUNAN'),
(217, 9, 'SAGUDAY'),
(219, 10, 'ABUCAY'),
(220, 10, 'BAGAC'),
(221, 10, 'CITY OF BALANGA (Capital)'),
(222, 10, 'DINALUPIHAN'),
(223, 10, 'HERMOSA'),
(224, 10, 'LIMAY'),
(225, 10, 'MARIVELES'),
(226, 10, 'MORONG'),
(227, 10, 'ORANI'),
(228, 10, 'ORION'),
(229, 10, 'PILAR'),
(230, 10, 'SAMAL'),
(231, 11, 'ANGAT'),
(232, 11, 'BALAGTAS (BIGAA)'),
(233, 11, 'BALIUAG'),
(234, 11, 'BOCAUE'),
(235, 11, 'BULACAN'),
(236, 11, 'BUSTOS'),
(237, 11, 'CALUMPIT'),
(240, 11, 'CITY OF MALOLOS (Capital)'),
(242, 11, 'CITY OF MEYCAUAYAN'),
(250, 11, 'CITY OF SAN JOSE DEL MONTE'),
(254, 11, 'DOÑA REMEDIOS TRINIDAD'),
(238, 11, 'GUIGUINTO'),
(239, 11, 'HAGONOY'),
(241, 11, 'MARILAO'),
(243, 11, 'NORZAGARAY'),
(244, 11, 'OBANDO'),
(245, 11, 'PANDI'),
(246, 11, 'PAOMBONG'),
(247, 11, 'PLARIDEL'),
(248, 11, 'PULILAN'),
(249, 11, 'SAN ILDEFONSO'),
(251, 11, 'SAN MIGUEL'),
(252, 11, 'SAN RAFAEL'),
(253, 11, 'SANTA MARIA'),
(255, 12, 'ALIAGA'),
(256, 12, 'BONGABON'),
(258, 12, 'CABIAO'),
(259, 12, 'CARRANGLAN'),
(257, 12, 'CITY OF CABANATUAN'),
(262, 12, 'CITY OF GAPAN'),
(273, 12, 'CITY OF PALAYAN (Capital)'),
(260, 12, 'CUYAPO'),
(261, 12, 'GABALDON (BITULOK & SABANI)'),
(263, 12, 'GENERAL MAMERTO NATIVIDAD'),
(264, 12, 'GENERAL TINIO (PAPAYA)'),
(265, 12, 'GUIMBA'),
(266, 12, 'JAEN'),
(267, 12, 'LAUR'),
(268, 12, 'LICAB'),
(269, 12, 'LLANERA'),
(270, 12, 'LUPAO'),
(272, 12, 'NAMPICUAN'),
(274, 12, 'PANTABANGAN'),
(275, 12, 'PEÑARANDA'),
(276, 12, 'QUEZON'),
(277, 12, 'RIZAL'),
(278, 12, 'SAN ANTONIO'),
(279, 12, 'SAN ISIDRO'),
(280, 12, 'SAN JOSE CITY'),
(281, 12, 'SAN LEONARDO'),
(282, 12, 'SANTA ROSA'),
(283, 12, 'SANTO DOMINGO'),
(271, 12, 'SCIENCE CITY OF MUÑOZ'),
(284, 12, 'TALAVERA'),
(285, 12, 'TALUGTUG'),
(286, 12, 'ZARAGOZA'),
(288, 13, 'APALIT'),
(289, 13, 'ARAYAT'),
(290, 13, 'BACOLOR'),
(291, 13, 'CANDABA'),
(287, 13, 'CITY OF ANGELES'),
(302, 13, 'CITY OF SAN FERNANDO (Capital)'),
(292, 13, 'FLORIDABLANCA'),
(293, 13, 'GUAGUA'),
(294, 13, 'LUBAO'),
(295, 13, 'MABALACAT CITY'),
(296, 13, 'MACABEBE'),
(297, 13, 'MAGALANG'),
(298, 13, 'MASANTOL'),
(299, 13, 'MEXICO'),
(300, 13, 'MINALIN'),
(301, 13, 'PORAC'),
(303, 13, 'SAN LUIS'),
(304, 13, 'SAN SIMON'),
(305, 13, 'SANTA ANA'),
(306, 13, 'SANTA RITA'),
(307, 13, 'SANTO TOMAS'),
(308, 13, 'SASMUAN (Sexmoan)'),
(309, 14, 'ANAO'),
(310, 14, 'BAMBAN'),
(311, 14, 'CAMILING'),
(312, 14, 'CAPAS'),
(324, 14, 'CITY OF TARLAC (Capital)'),
(313, 14, 'CONCEPCION'),
(314, 14, 'GERONA'),
(315, 14, 'LA PAZ'),
(316, 14, 'MAYANTOC'),
(317, 14, 'MONCADA'),
(318, 14, 'PANIQUI'),
(319, 14, 'PURA'),
(320, 14, 'RAMOS'),
(321, 14, 'SAN CLEMENTE'),
(326, 14, 'SAN JOSE'),
(322, 14, 'SAN MANUEL'),
(323, 14, 'SANTA IGNACIA'),
(325, 14, 'VICTORIA'),
(327, 15, 'BOTOLAN'),
(328, 15, 'CABANGAN'),
(329, 15, 'CANDELARIA'),
(330, 15, 'CASTILLEJOS'),
(333, 15, 'CITY OF OLONGAPO'),
(331, 15, 'IBA (Capital)'),
(332, 15, 'MASINLOC'),
(334, 15, 'PALAUIG'),
(335, 15, 'SAN ANTONIO'),
(336, 15, 'SAN FELIPE'),
(337, 15, 'SAN MARCELINO'),
(338, 15, 'SAN NARCISO'),
(339, 15, 'SANTA CRUZ'),
(340, 15, 'SUBIC'),
(341, 16, 'BALER (Capital)'),
(342, 16, 'CASIGURAN'),
(343, 16, 'DILASAG'),
(344, 16, 'DINALUNGAN'),
(345, 16, 'DINGALAN'),
(346, 16, 'DIPACULAO'),
(347, 16, 'MARIA AURORA'),
(348, 16, 'SAN LUIS'),
(349, 17, 'AGONCILLO'),
(350, 17, 'ALITAGTAG'),
(351, 17, 'BALAYAN'),
(352, 17, 'BALETE'),
(353, 17, 'BATANGAS CITY (Capital)'),
(354, 17, 'BAUAN'),
(355, 17, 'CALACA'),
(356, 17, 'CALATAGAN'),
(362, 17, 'CITY OF LIPA'),
(376, 17, 'CITY OF STO. TOMAS'),
(379, 17, 'CITY OF TANAUAN'),
(357, 17, 'CUENCA'),
(358, 17, 'IBAAN'),
(359, 17, 'LAUREL'),
(360, 17, 'LEMERY'),
(361, 17, 'LIAN'),
(363, 17, 'LOBO'),
(364, 17, 'MABINI'),
(365, 17, 'MALVAR'),
(366, 17, 'MATAASNAKAHOY'),
(367, 17, 'NASUGBU'),
(368, 17, 'PADRE GARCIA'),
(369, 17, 'ROSARIO'),
(370, 17, 'SAN JOSE'),
(371, 17, 'SAN JUAN'),
(372, 17, 'SAN LUIS'),
(373, 17, 'SAN NICOLAS'),
(374, 17, 'SAN PASCUAL'),
(375, 17, 'SANTA TERESITA'),
(377, 17, 'TAAL'),
(378, 17, 'TALISAY'),
(380, 17, 'TAYSAN'),
(381, 17, 'TINGLOY'),
(382, 17, 'TUY'),
(383, 18, 'ALFONSO'),
(384, 18, 'AMADEO'),
(386, 18, 'CARMONA'),
(385, 18, 'CITY OF BACOOR'),
(387, 18, 'CITY OF CAVITE'),
(388, 18, 'CITY OF DASMARIÑAS'),
(390, 18, 'CITY OF GENERAL TRIAS'),
(391, 18, 'CITY OF IMUS'),
(401, 18, 'CITY OF TAGAYTAY'),
(404, 18, 'CITY OF TRECE MARTIRES (Capital)'),
(405, 18, 'GEN. MARIANO ALVAREZ'),
(389, 18, 'GENERAL EMILIO AGUINALDO'),
(392, 18, 'INDANG'),
(393, 18, 'KAWIT'),
(394, 18, 'MAGALLANES'),
(395, 18, 'MARAGONDON'),
(396, 18, 'MENDEZ (MENDEZ-NUÑEZ)'),
(397, 18, 'NAIC'),
(398, 18, 'NOVELETA'),
(399, 18, 'ROSARIO'),
(400, 18, 'SILANG'),
(402, 18, 'TANZA'),
(403, 18, 'TERNATE'),
(406, 19, 'ALAMINOS'),
(407, 19, 'BAY'),
(411, 19, 'CALAUAN'),
(412, 19, 'CAVINTI'),
(408, 19, 'CITY OF BIÑAN'),
(409, 19, 'CITY OF CABUYAO'),
(410, 19, 'CITY OF CALAMBA'),
(429, 19, 'CITY OF SAN PABLO'),
(430, 19, 'CITY OF SAN PEDRO'),
(433, 19, 'CITY OF SANTA ROSA'),
(413, 19, 'FAMY'),
(414, 19, 'KALAYAAN'),
(415, 19, 'LILIW'),
(416, 19, 'LOS BAÑOS'),
(417, 19, 'LUISIANA'),
(418, 19, 'LUMBAN'),
(419, 19, 'MABITAC'),
(420, 19, 'MAGDALENA'),
(421, 19, 'MAJAYJAY'),
(422, 19, 'NAGCARLAN'),
(423, 19, 'PAETE'),
(424, 19, 'PAGSANJAN'),
(425, 19, 'PAKIL'),
(426, 19, 'PANGIL'),
(427, 19, 'PILA'),
(428, 19, 'RIZAL'),
(431, 19, 'SANTA CRUZ (Capital)'),
(432, 19, 'SANTA MARIA'),
(434, 19, 'SINILOAN'),
(435, 19, 'VICTORIA'),
(436, 20, 'AGDANGAN'),
(437, 20, 'ALABAT'),
(438, 20, 'ATIMONAN'),
(439, 20, 'BUENAVISTA'),
(440, 20, 'BURDEOS'),
(441, 20, 'CALAUAG'),
(442, 20, 'CANDELARIA'),
(443, 20, 'CATANAUAN'),
(453, 20, 'CITY OF LUCENA (Capital)'),
(474, 20, 'CITY OF TAYABAS'),
(444, 20, 'DOLORES'),
(445, 20, 'GENERAL LUNA'),
(446, 20, 'GENERAL NAKAR'),
(447, 20, 'GUINAYANGAN'),
(448, 20, 'GUMACA'),
(449, 20, 'INFANTA'),
(450, 20, 'JOMALIG'),
(451, 20, 'LOPEZ'),
(452, 20, 'LUCBAN'),
(454, 20, 'MACALELON'),
(455, 20, 'MAUBAN'),
(456, 20, 'MULANAY'),
(457, 20, 'PADRE BURGOS'),
(458, 20, 'PAGBILAO'),
(459, 20, 'PANUKULAN'),
(460, 20, 'PATNANUNGAN'),
(461, 20, 'PEREZ'),
(462, 20, 'PITOGO'),
(463, 20, 'PLARIDEL'),
(464, 20, 'POLILLO'),
(465, 20, 'QUEZON'),
(466, 20, 'REAL'),
(467, 20, 'SAMPALOC'),
(468, 20, 'SAN ANDRES'),
(469, 20, 'SAN ANTONIO'),
(470, 20, 'SAN FRANCISCO (AURORA)'),
(471, 20, 'SAN NARCISO'),
(472, 20, 'SARIAYA'),
(473, 20, 'TAGKAWAYAN'),
(475, 20, 'TIAONG'),
(476, 20, 'UNISAN'),
(477, 21, 'ANGONO'),
(479, 21, 'BARAS'),
(480, 21, 'BINANGONAN'),
(481, 21, 'CAINTA'),
(482, 21, 'CARDONA'),
(478, 21, 'CITY OF ANTIPOLO (Capital)'),
(483, 21, 'JALA-JALA'),
(485, 21, 'MORONG'),
(486, 21, 'PILILLA'),
(484, 21, 'RODRIGUEZ (MONTALBAN)'),
(487, 21, 'SAN MATEO'),
(488, 21, 'TANAY'),
(489, 21, 'TAYTAY'),
(490, 21, 'TERESA'),
(491, 22, 'BOAC (Capital)'),
(492, 22, 'BUENAVISTA'),
(493, 22, 'GASAN'),
(494, 22, 'MOGPOG'),
(495, 22, 'SANTA CRUZ'),
(496, 22, 'TORRIJOS'),
(497, 23, 'ABRA DE ILOG'),
(498, 23, 'CALINTAAN'),
(499, 23, 'LOOC'),
(500, 23, 'LUBANG'),
(501, 23, 'MAGSAYSAY'),
(502, 23, 'MAMBURAO (Capital)'),
(503, 23, 'PALUAN'),
(504, 23, 'RIZAL'),
(505, 23, 'SABLAYAN'),
(506, 23, 'SAN JOSE'),
(507, 23, 'SANTA CRUZ'),
(508, 24, 'BACO'),
(509, 24, 'BANSUD'),
(510, 24, 'BONGABONG'),
(511, 24, 'BULALACAO (SAN PEDRO)'),
(512, 24, 'CITY OF CALAPAN (Capital)'),
(513, 24, 'GLORIA'),
(514, 24, 'MANSALAY'),
(515, 24, 'NAUJAN'),
(516, 24, 'PINAMALAYAN'),
(517, 24, 'POLA'),
(518, 24, 'PUERTO GALERA'),
(519, 24, 'ROXAS'),
(520, 24, 'SAN TEODORO'),
(521, 24, 'SOCORRO'),
(522, 24, 'VICTORIA'),
(523, 25, 'ABORLAN'),
(524, 25, 'AGUTAYA'),
(525, 25, 'ARACELI'),
(526, 25, 'BALABAC'),
(527, 25, 'BATARAZA'),
(528, 25, 'BROOKE\'S POINT'),
(529, 25, 'BUSUANGA'),
(530, 25, 'CAGAYANCILLO'),
(538, 25, 'CITY OF PUERTO PRINCESA (Capital)'),
(531, 25, 'CORON'),
(544, 25, 'CULION'),
(532, 25, 'CUYO'),
(533, 25, 'DUMARAN'),
(534, 25, 'EL NIDO (BACUIT)'),
(543, 25, 'KALAYAAN'),
(535, 25, 'LINAPACAN'),
(536, 25, 'MAGSAYSAY'),
(537, 25, 'NARRA'),
(539, 25, 'QUEZON'),
(545, 25, 'RIZAL (MARCOS)'),
(540, 25, 'ROXAS'),
(541, 25, 'SAN VICENTE'),
(546, 25, 'SOFRONIO ESPAÑOLA'),
(542, 25, 'TAYTAY'),
(547, 26, 'ALCANTARA'),
(548, 26, 'BANTON'),
(549, 26, 'CAJIDIOCAN'),
(550, 26, 'CALATRAVA'),
(551, 26, 'CONCEPCION'),
(552, 26, 'CORCUERA'),
(562, 26, 'FERROL'),
(553, 26, 'LOOC'),
(554, 26, 'MAGDIWANG'),
(555, 26, 'ODIONGAN'),
(556, 26, 'ROMBLON (Capital)'),
(557, 26, 'SAN AGUSTIN'),
(558, 26, 'SAN ANDRES'),
(559, 26, 'SAN FERNANDO'),
(560, 26, 'SAN JOSE'),
(561, 26, 'SANTA FE'),
(563, 26, 'SANTA MARIA (IMELDA)'),
(564, 27, 'BACACAY'),
(565, 27, 'CAMALIG'),
(569, 27, 'CITY OF LEGAZPI (Capital)'),
(571, 27, 'CITY OF LIGAO'),
(580, 27, 'CITY OF TABACO'),
(566, 27, 'DARAGA (LOCSIN)'),
(567, 27, 'GUINOBATAN'),
(568, 27, 'JOVELLAR'),
(570, 27, 'LIBON'),
(572, 27, 'MALILIPOT'),
(573, 27, 'MALINAO'),
(574, 27, 'MANITO'),
(575, 27, 'OAS'),
(576, 27, 'PIO DURAN'),
(577, 27, 'POLANGUI'),
(578, 27, 'RAPU-RAPU'),
(579, 27, 'SANTO DOMINGO (LIBOG)'),
(581, 27, 'TIWI'),
(582, 28, 'BASUD'),
(583, 28, 'CAPALONGA'),
(584, 28, 'DAET (Capital)'),
(586, 28, 'JOSE PANGANIBAN'),
(587, 28, 'LABO'),
(588, 28, 'MERCEDES'),
(589, 28, 'PARACALE'),
(585, 28, 'SAN LORENZO RUIZ (IMELDA)'),
(590, 28, 'SAN VICENTE'),
(591, 28, 'SANTA ELENA'),
(592, 28, 'TALISAY'),
(593, 28, 'VINZONS'),
(594, 29, 'BAAO'),
(595, 29, 'BALATAN'),
(596, 29, 'BATO'),
(597, 29, 'BOMBON'),
(598, 29, 'BUHI'),
(599, 29, 'BULA'),
(600, 29, 'CABUSAO'),
(601, 29, 'CALABANGA'),
(602, 29, 'CAMALIGAN'),
(603, 29, 'CANAMAN'),
(604, 29, 'CARAMOAN'),
(609, 29, 'CITY OF IRIGA'),
(617, 29, 'CITY OF NAGA'),
(605, 29, 'DEL GALLEGO'),
(606, 29, 'GAINZA'),
(607, 29, 'GARCHITORENA'),
(608, 29, 'GOA'),
(610, 29, 'LAGONOY'),
(611, 29, 'LIBMANAN'),
(612, 29, 'LUPI'),
(613, 29, 'MAGARAO'),
(614, 29, 'MILAOR'),
(615, 29, 'MINALABAC'),
(616, 29, 'NABUA'),
(618, 29, 'OCAMPO'),
(619, 29, 'PAMPLONA'),
(620, 29, 'PASACAO'),
(621, 29, 'PILI (Capital)'),
(622, 29, 'PRESENTACION (PARUBCAN)'),
(623, 29, 'RAGAY'),
(624, 29, 'SAGÑAY'),
(625, 29, 'SAN FERNANDO'),
(626, 29, 'SAN JOSE'),
(627, 29, 'SIPOCOT'),
(628, 29, 'SIRUMA'),
(629, 29, 'TIGAON'),
(630, 29, 'TINAMBAC'),
(631, 30, 'BAGAMANOC'),
(632, 30, 'BARAS'),
(633, 30, 'BATO'),
(634, 30, 'CARAMORAN'),
(635, 30, 'GIGMOTO'),
(636, 30, 'PANDAN'),
(637, 30, 'PANGANIBAN (PAYO)'),
(638, 30, 'SAN ANDRES (CALOLBON)'),
(639, 30, 'SAN MIGUEL'),
(640, 30, 'VIGA'),
(641, 30, 'VIRAC (Capital)'),
(642, 31, 'AROROY'),
(643, 31, 'BALENO'),
(644, 31, 'BALUD'),
(645, 31, 'BATUAN'),
(646, 31, 'CATAINGAN'),
(647, 31, 'CAWAYAN'),
(652, 31, 'CITY OF MASBATE (Capital)'),
(648, 31, 'CLAVERIA'),
(649, 31, 'DIMASALANG'),
(650, 31, 'ESPERANZA'),
(651, 31, 'MANDAON'),
(653, 31, 'MILAGROS'),
(654, 31, 'MOBO'),
(655, 31, 'MONREAL'),
(656, 31, 'PALANAS'),
(657, 31, 'PIO V. CORPUZ (LIMBUHAN)'),
(658, 31, 'PLACER'),
(659, 31, 'SAN FERNANDO'),
(660, 31, 'SAN JACINTO'),
(661, 31, 'SAN PASCUAL'),
(662, 31, 'USON'),
(663, 32, 'BARCELONA'),
(664, 32, 'BULAN'),
(665, 32, 'BULUSAN'),
(666, 32, 'CASIGURAN'),
(667, 32, 'CASTILLA'),
(677, 32, 'CITY OF SORSOGON (Capital)'),
(668, 32, 'DONSOL'),
(669, 32, 'GUBAT'),
(670, 32, 'IROSIN'),
(671, 32, 'JUBAN'),
(672, 32, 'MAGALLANES'),
(673, 32, 'MATNOG'),
(674, 32, 'PILAR'),
(675, 32, 'PRIETO DIAZ'),
(676, 32, 'SANTA MAGDALENA'),
(678, 33, 'ALTAVAS'),
(679, 33, 'BALETE'),
(680, 33, 'BANGA'),
(681, 33, 'BATAN'),
(682, 33, 'BURUANGA'),
(683, 33, 'IBAJAY'),
(684, 33, 'KALIBO (Capital)'),
(685, 33, 'LEZO'),
(686, 33, 'LIBACAO'),
(687, 33, 'MADALAG'),
(688, 33, 'MAKATO'),
(689, 33, 'MALAY'),
(690, 33, 'MALINAO'),
(691, 33, 'NABAS'),
(692, 33, 'NEW WASHINGTON'),
(693, 33, 'NUMANCIA'),
(694, 33, 'TANGALAN'),
(695, 34, 'ANINI-Y'),
(696, 34, 'BARBAZA'),
(697, 34, 'BELISON'),
(698, 34, 'BUGASONG'),
(699, 34, 'CALUYA'),
(700, 34, 'CULASI'),
(702, 34, 'HAMTIC'),
(703, 34, 'LAUA-AN'),
(704, 34, 'LIBERTAD'),
(705, 34, 'PANDAN'),
(706, 34, 'PATNONGON'),
(707, 34, 'SAN JOSE (Capital)'),
(708, 34, 'SAN REMIGIO'),
(709, 34, 'SEBASTE'),
(710, 34, 'SIBALOM'),
(711, 34, 'TIBIAO'),
(701, 34, 'TOBIAS FORNIER (DAO)'),
(712, 34, 'VALDERRAMA'),
(726, 35, 'CITY OF ROXAS (Capital)'),
(713, 35, 'CUARTERO'),
(714, 35, 'DAO'),
(715, 35, 'DUMALAG'),
(716, 35, 'DUMARAO'),
(717, 35, 'IVISAN'),
(718, 35, 'JAMINDAN'),
(719, 35, 'MA-AYON'),
(720, 35, 'MAMBUSAO'),
(721, 35, 'PANAY'),
(722, 35, 'PANITAN'),
(723, 35, 'PILAR'),
(724, 35, 'PONTEVEDRA'),
(725, 35, 'PRESIDENT ROXAS'),
(727, 35, 'SAPI-AN'),
(728, 35, 'SIGMA'),
(729, 35, 'TAPAZ'),
(730, 36, 'AJUY'),
(731, 36, 'ALIMODIAN'),
(732, 36, 'ANILAO'),
(733, 36, 'BADIANGAN'),
(734, 36, 'BALASAN'),
(735, 36, 'BANATE'),
(736, 36, 'BAROTAC NUEVO'),
(737, 36, 'BAROTAC VIEJO'),
(738, 36, 'BATAD'),
(739, 36, 'BINGAWAN'),
(740, 36, 'CABATUAN'),
(741, 36, 'CALINOG'),
(742, 36, 'CARLES'),
(750, 36, 'CITY OF ILOILO (Capital)'),
(761, 36, 'CITY OF PASSI'),
(743, 36, 'CONCEPCION'),
(744, 36, 'DINGLE'),
(745, 36, 'DUEÑAS'),
(746, 36, 'DUMANGAS'),
(747, 36, 'ESTANCIA'),
(748, 36, 'GUIMBAL'),
(749, 36, 'IGBARAS'),
(751, 36, 'JANIUAY'),
(752, 36, 'LAMBUNAO'),
(753, 36, 'LEGANES'),
(754, 36, 'LEMERY'),
(755, 36, 'LEON'),
(756, 36, 'MAASIN'),
(757, 36, 'MIAGAO'),
(758, 36, 'MINA'),
(759, 36, 'NEW LUCENA'),
(760, 36, 'OTON'),
(762, 36, 'PAVIA'),
(763, 36, 'POTOTAN'),
(764, 36, 'SAN DIONISIO'),
(765, 36, 'SAN ENRIQUE'),
(766, 36, 'SAN JOAQUIN'),
(767, 36, 'SAN MIGUEL'),
(768, 36, 'SAN RAFAEL'),
(769, 36, 'SANTA BARBARA'),
(770, 36, 'SARA'),
(771, 36, 'TIGBAUAN'),
(772, 36, 'TUBUNGAN'),
(773, 36, 'ZARRAGA'),
(776, 37, 'BINALBAGAN'),
(778, 37, 'CALATRAVA'),
(779, 37, 'CANDONI'),
(780, 37, 'CAUAYAN'),
(774, 37, 'CITY OF BACOLOD (Capital)'),
(775, 37, 'CITY OF BAGO'),
(777, 37, 'CITY OF CADIZ'),
(782, 37, 'CITY OF ESCALANTE'),
(783, 37, 'CITY OF HIMAMAYLAN'),
(788, 37, 'CITY OF KABANKALAN'),
(789, 37, 'CITY OF LA CARLOTA'),
(796, 37, 'CITY OF SAGAY'),
(797, 37, 'CITY OF SAN CARLOS'),
(799, 37, 'CITY OF SILAY'),
(800, 37, 'CITY OF SIPALAY'),
(801, 37, 'CITY OF TALISAY'),
(804, 37, 'CITY OF VICTORIAS'),
(781, 37, 'ENRIQUE B. MAGALONA (SARAVIA)'),
(784, 37, 'HINIGARAN'),
(785, 37, 'HINOBA-AN (ASIA)'),
(786, 37, 'ILOG'),
(787, 37, 'ISABELA'),
(790, 37, 'LA CASTELLANA'),
(791, 37, 'MANAPLA'),
(792, 37, 'MOISES PADILLA (MAGALLON)'),
(793, 37, 'MURCIA'),
(794, 37, 'PONTEVEDRA'),
(795, 37, 'PULUPANDAN'),
(805, 37, 'SALVADOR BENEDICTO'),
(798, 37, 'SAN ENRIQUE'),
(802, 37, 'TOBOSO'),
(803, 37, 'VALLADOLID'),
(806, 38, 'BUENAVISTA'),
(807, 38, 'JORDAN (Capital)'),
(808, 38, 'NUEVA VALENCIA'),
(809, 38, 'SAN LORENZO'),
(810, 38, 'SIBUNAG'),
(811, 39, 'ALBURQUERQUE'),
(812, 39, 'ALICIA'),
(813, 39, 'ANDA'),
(814, 39, 'ANTEQUERA'),
(815, 39, 'BACLAYON'),
(816, 39, 'BALILIHAN'),
(817, 39, 'BATUAN'),
(858, 39, 'BIEN UNIDO'),
(818, 39, 'BILAR'),
(819, 39, 'BUENAVISTA'),
(820, 39, 'CALAPE'),
(821, 39, 'CANDIJAY'),
(822, 39, 'CARMEN'),
(823, 39, 'CATIGBIAN'),
(852, 39, 'CITY OF TAGBILARAN (Capital)'),
(824, 39, 'CLARIN'),
(825, 39, 'CORELLA'),
(826, 39, 'CORTES'),
(827, 39, 'DAGOHOY'),
(828, 39, 'DANAO'),
(829, 39, 'DAUIS'),
(830, 39, 'DIMIAO'),
(831, 39, 'DUERO'),
(832, 39, 'GARCIA HERNANDEZ'),
(836, 39, 'GETAFE'),
(833, 39, 'GUINDULMAN'),
(834, 39, 'INABANGA'),
(835, 39, 'JAGNA'),
(837, 39, 'LILA'),
(838, 39, 'LOAY'),
(839, 39, 'LOBOC'),
(840, 39, 'LOON'),
(841, 39, 'MABINI'),
(842, 39, 'MARIBOJOC'),
(843, 39, 'PANGLAO'),
(844, 39, 'PILAR'),
(845, 39, 'PRES. CARLOS P. GARCIA (PITOGO)'),
(846, 39, 'SAGBAYAN (BORJA)'),
(847, 39, 'SAN ISIDRO'),
(848, 39, 'SAN MIGUEL'),
(849, 39, 'SEVILLA'),
(850, 39, 'SIERRA BULLONES'),
(851, 39, 'SIKATUNA'),
(853, 39, 'TALIBON'),
(854, 39, 'TRINIDAD'),
(855, 39, 'TUBIGON'),
(856, 39, 'UBAY'),
(857, 39, 'VALENCIA'),
(859, 40, 'ALCANTARA'),
(860, 40, 'ALCOY'),
(861, 40, 'ALEGRIA'),
(862, 40, 'ALOGUINSAN'),
(863, 40, 'ARGAO'),
(864, 40, 'ASTURIAS'),
(865, 40, 'BADIAN'),
(866, 40, 'BALAMBAN'),
(867, 40, 'BANTAYAN'),
(868, 40, 'BARILI'),
(870, 40, 'BOLJOON'),
(871, 40, 'BORBON'),
(873, 40, 'CARMEN'),
(874, 40, 'CATMON'),
(869, 40, 'CITY OF BOGO'),
(872, 40, 'CITY OF CARCAR'),
(875, 40, 'CITY OF CEBU (Capital)'),
(884, 40, 'CITY OF LAPU-LAPU (OPON)'),
(888, 40, 'CITY OF MANDAUE'),
(892, 40, 'CITY OF NAGA'),
(908, 40, 'CITY OF TALISAY'),
(909, 40, 'CITY OF TOLEDO'),
(876, 40, 'COMPOSTELA'),
(877, 40, 'CONSOLACION'),
(878, 40, 'CORDOVA'),
(879, 40, 'DAANBANTAYAN'),
(880, 40, 'DALAGUETE'),
(881, 40, 'DANAO CITY'),
(882, 40, 'DUMANJUG'),
(883, 40, 'GINATILAN'),
(885, 40, 'LILOAN'),
(886, 40, 'MADRIDEJOS'),
(887, 40, 'MALABUYOC'),
(889, 40, 'MEDELLIN'),
(890, 40, 'MINGLANILLA'),
(891, 40, 'MOALBOAL'),
(893, 40, 'OSLOB'),
(894, 40, 'PILAR'),
(895, 40, 'PINAMUNGAJAN'),
(896, 40, 'PORO'),
(897, 40, 'RONDA'),
(898, 40, 'SAMBOAN'),
(899, 40, 'SAN FERNANDO'),
(900, 40, 'SAN FRANCISCO'),
(901, 40, 'SAN REMIGIO'),
(902, 40, 'SANTA FE'),
(903, 40, 'SANTANDER'),
(904, 40, 'SIBONGA'),
(905, 40, 'SOGOD'),
(906, 40, 'TABOGON'),
(907, 40, 'TABUELAN'),
(910, 40, 'TUBURAN'),
(911, 40, 'TUDELA'),
(912, 41, 'AMLAN (AYUQUITAN)'),
(913, 41, 'AYUNGON'),
(914, 41, 'BACONG'),
(916, 41, 'BASAY'),
(918, 41, 'BINDOY (PAYABON)'),
(915, 41, 'CITY OF BAIS'),
(917, 41, 'CITY OF BAYAWAN (TULONG)'),
(919, 41, 'CITY OF CANLAON'),
(921, 41, 'CITY OF DUMAGUETE (Capital)'),
(922, 41, 'CITY OF GUIHULNGAN'),
(932, 41, 'CITY OF TANJAY'),
(920, 41, 'DAUIN'),
(923, 41, 'JIMALALUD'),
(924, 41, 'LA LIBERTAD'),
(925, 41, 'MABINAY'),
(926, 41, 'MANJUYOD'),
(927, 41, 'PAMPLONA'),
(928, 41, 'SAN JOSE'),
(929, 41, 'SANTA CATALINA'),
(930, 41, 'SIATON'),
(931, 41, 'SIBULAN'),
(933, 41, 'TAYASAN'),
(934, 41, 'VALENCIA (LUZURRIAGA)'),
(935, 41, 'VALLEHERMOSO'),
(936, 41, 'ZAMBOANGUITA'),
(937, 42, 'ENRIQUE VILLANUEVA'),
(938, 42, 'LARENA'),
(939, 42, 'LAZI'),
(940, 42, 'MARIA'),
(941, 42, 'SAN JUAN'),
(942, 42, 'SIQUIJOR (Capital)'),
(943, 43, 'ARTECHE'),
(944, 43, 'BALANGIGA'),
(945, 43, 'BALANGKAYAN'),
(947, 43, 'CAN-AVID'),
(946, 43, 'CITY OF BORONGAN (Capital)'),
(948, 43, 'DOLORES'),
(949, 43, 'GENERAL MACARTHUR'),
(950, 43, 'GIPORLOS'),
(951, 43, 'GUIUAN'),
(952, 43, 'HERNANI'),
(953, 43, 'JIPAPAD'),
(954, 43, 'LAWAAN'),
(955, 43, 'LLORENTE'),
(956, 43, 'MASLOG'),
(957, 43, 'MAYDOLONG'),
(958, 43, 'MERCEDES'),
(959, 43, 'ORAS'),
(960, 43, 'QUINAPONDAN'),
(961, 43, 'SALCEDO'),
(962, 43, 'SAN JULIAN'),
(963, 43, 'SAN POLICARPO'),
(964, 43, 'SULAT'),
(965, 43, 'TAFT'),
(966, 44, 'ABUYOG'),
(967, 44, 'ALANGALANG'),
(968, 44, 'ALBUERA'),
(969, 44, 'BABATNGON'),
(970, 44, 'BARUGO'),
(971, 44, 'BATO'),
(973, 44, 'BURAUEN'),
(974, 44, 'CALUBIAN'),
(975, 44, 'CAPOOCAN'),
(976, 44, 'CARIGARA'),
(972, 44, 'CITY OF BAYBAY'),
(1004, 44, 'CITY OF TACLOBAN (Capital)'),
(977, 44, 'DAGAMI'),
(978, 44, 'DULAG'),
(979, 44, 'HILONGOS'),
(980, 44, 'HINDANG'),
(981, 44, 'INOPACAN'),
(982, 44, 'ISABEL'),
(983, 44, 'JARO'),
(984, 44, 'JAVIER (BUGHO)'),
(985, 44, 'JULITA'),
(986, 44, 'KANANGA'),
(987, 44, 'LA PAZ'),
(988, 44, 'LEYTE'),
(989, 44, 'MACARTHUR'),
(990, 44, 'MAHAPLAG'),
(991, 44, 'MATAG-OB'),
(992, 44, 'MATALOM'),
(993, 44, 'MAYORGA'),
(994, 44, 'MERIDA'),
(995, 44, 'ORMOC CITY'),
(996, 44, 'PALO'),
(997, 44, 'PALOMPON'),
(998, 44, 'PASTRANA'),
(999, 44, 'SAN ISIDRO'),
(1000, 44, 'SAN MIGUEL'),
(1001, 44, 'SANTA FE'),
(1002, 44, 'TABANGO'),
(1003, 44, 'TABONTABON'),
(1005, 44, 'TANAUAN'),
(1006, 44, 'TOLOSA'),
(1007, 44, 'TUNGA'),
(1008, 44, 'VILLABA'),
(1009, 45, 'ALLEN'),
(1010, 45, 'BIRI'),
(1011, 45, 'BOBON'),
(1012, 45, 'CAPUL'),
(1013, 45, 'CATARMAN (Capital)'),
(1014, 45, 'CATUBIG'),
(1015, 45, 'GAMAY'),
(1016, 45, 'LAOANG'),
(1017, 45, 'LAPINIG'),
(1018, 45, 'LAS NAVAS'),
(1019, 45, 'LAVEZARES'),
(1032, 45, 'LOPE DE VEGA'),
(1020, 45, 'MAPANAS'),
(1021, 45, 'MONDRAGON'),
(1022, 45, 'PALAPAG'),
(1023, 45, 'PAMBUJAN'),
(1024, 45, 'ROSARIO'),
(1025, 45, 'SAN ANTONIO'),
(1026, 45, 'SAN ISIDRO'),
(1027, 45, 'SAN JOSE'),
(1028, 45, 'SAN ROQUE'),
(1029, 45, 'SAN VICENTE'),
(1030, 45, 'SILVINO LOBOS'),
(1031, 45, 'VICTORIA'),
(1033, 46, 'ALMAGRO'),
(1034, 46, 'BASEY'),
(1036, 46, 'CALBIGA'),
(1035, 46, 'CITY OF CALBAYOG'),
(1037, 46, 'CITY OF CATBALOGAN (Capital)'),
(1038, 46, 'DARAM'),
(1039, 46, 'GANDARA'),
(1040, 46, 'HINABANGAN'),
(1041, 46, 'JIABONG'),
(1042, 46, 'MARABUT'),
(1043, 46, 'MATUGUINAO'),
(1044, 46, 'MOTIONG'),
(1058, 46, 'PAGSANGHAN'),
(1054, 46, 'PARANAS (WRIGHT)'),
(1045, 46, 'PINABACDAO'),
(1057, 46, 'SAN JORGE'),
(1046, 46, 'SAN JOSE DE BUAN'),
(1047, 46, 'SAN SEBASTIAN'),
(1048, 46, 'SANTA MARGARITA'),
(1049, 46, 'SANTA RITA'),
(1050, 46, 'SANTO NIÑO'),
(1056, 46, 'TAGAPUL-AN'),
(1051, 46, 'TALALORA'),
(1052, 46, 'TARANGNAN'),
(1053, 46, 'VILLAREAL'),
(1055, 46, 'ZUMARRAGA'),
(1059, 47, 'ANAHAWAN'),
(1060, 47, 'BONTOC'),
(1065, 47, 'CITY OF MAASIN (Capital)'),
(1061, 47, 'HINUNANGAN'),
(1062, 47, 'HINUNDAYAN'),
(1063, 47, 'LIBAGON'),
(1064, 47, 'LILOAN'),
(1077, 47, 'LIMASAWA'),
(1066, 47, 'MACROHON'),
(1067, 47, 'MALITBOG'),
(1068, 47, 'PADRE BURGOS'),
(1069, 47, 'PINTUYAN'),
(1070, 47, 'SAINT BERNARD'),
(1071, 47, 'SAN FRANCISCO'),
(1072, 47, 'SAN JUAN (CABALIAN)'),
(1073, 47, 'SAN RICARDO'),
(1074, 47, 'SILAGO'),
(1075, 47, 'SOGOD'),
(1076, 47, 'TOMAS OPPUS'),
(1078, 48, 'ALMERIA'),
(1079, 48, 'BILIRAN'),
(1080, 48, 'CABUCGAYAN'),
(1081, 48, 'CAIBIRAN'),
(1082, 48, 'CULABA'),
(1083, 48, 'KAWAYAN'),
(1084, 48, 'MARIPIPI'),
(1085, 48, 'NAVAL (Capital)'),
(1111, 49, 'BACUNGAN (Leon T. Postigo)'),
(1109, 49, 'BALIGUIAN'),
(1086, 49, 'CITY OF DAPITAN'),
(1087, 49, 'CITY OF DIPOLOG (Capital)'),
(1110, 49, 'GODOD'),
(1108, 49, 'GUTALAC'),
(1107, 49, 'JOSE DALMAN (PONOT)'),
(1112, 49, 'KALAWIT'),
(1088, 49, 'KATIPUNAN'),
(1089, 49, 'LA LIBERTAD'),
(1090, 49, 'LABASON'),
(1091, 49, 'LILOY'),
(1092, 49, 'MANUKAN'),
(1093, 49, 'MUTIA'),
(1094, 49, 'PIÑAN (NEW PIÑAN)'),
(1095, 49, 'POLANCO'),
(1096, 49, 'PRES. MANUEL A. ROXAS'),
(1097, 49, 'RIZAL'),
(1098, 49, 'SALUG'),
(1099, 49, 'SERGIO OSMEÑA SR.'),
(1100, 49, 'SIAYAN'),
(1101, 49, 'SIBUCO'),
(1102, 49, 'SIBUTAD'),
(1103, 49, 'SINDANGAN'),
(1104, 49, 'SIOCON'),
(1105, 49, 'SIRAWAI'),
(1106, 49, 'TAMPILISAN'),
(1113, 50, 'AURORA'),
(1114, 50, 'BAYOG'),
(1126, 50, 'CITY OF PAGADIAN (Capital)'),
(1133, 50, 'CITY OF ZAMBOANGA'),
(1115, 50, 'DIMATALING'),
(1116, 50, 'DINAS'),
(1117, 50, 'DUMALINAO'),
(1118, 50, 'DUMINGAG'),
(1139, 50, 'GUIPOS'),
(1135, 50, 'JOSEFINA'),
(1119, 50, 'KUMALARANG'),
(1120, 50, 'LABANGAN'),
(1134, 50, 'LAKEWOOD'),
(1121, 50, 'LAPUYAN'),
(1122, 50, 'MAHAYAG'),
(1123, 50, 'MARGOSATUBIG'),
(1124, 50, 'MIDSALIP'),
(1125, 50, 'MOLAVE'),
(1136, 50, 'PITOGO'),
(1127, 50, 'RAMON MAGSAYSAY (LIARGO)'),
(1128, 50, 'SAN MIGUEL'),
(1129, 50, 'SAN PABLO'),
(1137, 50, 'SOMINOT (DON MARIANO MARCOS)'),
(1130, 50, 'TABINA'),
(1131, 50, 'TAMBULIG'),
(1140, 50, 'TIGBAO'),
(1132, 50, 'TUKURAN'),
(1138, 50, 'VINCENZO A. SAGUN'),
(1141, 51, 'ALICIA'),
(1142, 51, 'BUUG'),
(1157, 51, 'CITY OF ISABELA'),
(1143, 51, 'DIPLAHAN'),
(1144, 51, 'IMELDA'),
(1145, 51, 'IPIL (Capital)'),
(1146, 51, 'KABASALAN'),
(1147, 51, 'MABUHAY'),
(1148, 51, 'MALANGAS'),
(1149, 51, 'NAGA'),
(1150, 51, 'OLUTANGA'),
(1151, 51, 'PAYAO'),
(1152, 51, 'ROSELLER LIM'),
(1153, 51, 'SIAY'),
(1154, 51, 'TALUSAN'),
(1155, 51, 'TITAY'),
(1156, 51, 'TUNGAWAN'),
(1158, 52, 'BAUNGON'),
(1179, 52, 'CABANGLASAN'),
(1169, 52, 'CITY OF MALAYBALAY (Capital)'),
(1178, 52, 'CITY OF VALENCIA'),
(1159, 52, 'DAMULOG'),
(1160, 52, 'DANGCAGAN'),
(1161, 52, 'DON CARLOS'),
(1162, 52, 'IMPASUG-ONG'),
(1163, 52, 'KADINGILAN'),
(1164, 52, 'KALILANGAN'),
(1165, 52, 'KIBAWE'),
(1166, 52, 'KITAOTAO'),
(1167, 52, 'LANTAPAN'),
(1168, 52, 'LIBONA'),
(1170, 52, 'MALITBOG'),
(1171, 52, 'MANOLO FORTICH'),
(1172, 52, 'MARAMAG'),
(1173, 52, 'PANGANTUCAN'),
(1174, 52, 'QUEZON'),
(1175, 52, 'SAN FERNANDO'),
(1176, 52, 'SUMILAO'),
(1177, 52, 'TALAKAG'),
(1180, 53, 'CATARMAN'),
(1181, 53, 'GUINSILIBAN'),
(1182, 53, 'MAHINOG'),
(1183, 53, 'MAMBAJAO (Capital)'),
(1184, 53, 'SAGAY'),
(1185, 54, 'BACOLOD'),
(1186, 54, 'BALOI'),
(1187, 54, 'BAROY'),
(1188, 54, 'CITY OF ILIGAN'),
(1189, 54, 'KAPATAGAN'),
(1191, 54, 'KAUSWAGAN'),
(1192, 54, 'KOLAMBUGAN'),
(1193, 54, 'LALA'),
(1194, 54, 'LINAMON'),
(1195, 54, 'MAGSAYSAY'),
(1196, 54, 'MAIGO'),
(1197, 54, 'MATUNGAO'),
(1198, 54, 'MUNAI'),
(1199, 54, 'NUNUNGAN'),
(1200, 54, 'PANTAO RAGAT'),
(1207, 54, 'PANTAR'),
(1201, 54, 'POONA PIAGAPO'),
(1202, 54, 'SALVADOR'),
(1203, 54, 'SAPAD'),
(1190, 54, 'SULTAN NAGA DIMAPORO (KAROMATAN)'),
(1204, 54, 'TAGOLOAN'),
(1205, 54, 'TANGCAL'),
(1206, 54, 'TUBOD (Capital)'),
(1208, 55, 'ALORAN'),
(1209, 55, 'BALIANGAO'),
(1210, 55, 'BONIFACIO'),
(1211, 55, 'CALAMBA'),
(1216, 55, 'CITY OF OROQUIETA (Capital)'),
(1217, 55, 'CITY OF OZAMIZ'),
(1222, 55, 'CITY OF TANGUB'),
(1212, 55, 'CLARIN'),
(1213, 55, 'CONCEPCION'),
(1224, 55, 'DON VICTORIANO CHIONGBIAN  (DON MARIANO MARCOS)'),
(1214, 55, 'JIMENEZ'),
(1215, 55, 'LOPEZ JAENA'),
(1218, 55, 'PANAON'),
(1219, 55, 'PLARIDEL'),
(1220, 55, 'SAPANG DALAGA'),
(1221, 55, 'SINACABAN'),
(1223, 55, 'TUDELA'),
(1225, 56, 'ALUBIJID'),
(1226, 56, 'BALINGASAG'),
(1227, 56, 'BALINGOAN'),
(1228, 56, 'BINUANGAN'),
(1229, 56, 'CITY OF CAGAYAN DE ORO (Capital)'),
(1231, 56, 'CITY OF EL SALVADOR'),
(1232, 56, 'CITY OF GINGOOG'),
(1230, 56, 'CLAVERIA'),
(1233, 56, 'GITAGUM'),
(1234, 56, 'INITAO'),
(1235, 56, 'JASAAN'),
(1236, 56, 'KINOGUITAN'),
(1237, 56, 'LAGONGLONG'),
(1238, 56, 'LAGUINDINGAN'),
(1239, 56, 'LIBERTAD'),
(1240, 56, 'LUGAIT'),
(1241, 56, 'MAGSAYSAY (LINUGOS)'),
(1242, 56, 'MANTICAO'),
(1243, 56, 'MEDINA'),
(1244, 56, 'NAAWAN'),
(1245, 56, 'OPOL'),
(1246, 56, 'SALAY'),
(1247, 56, 'SUGBONGCOGON'),
(1248, 56, 'TAGOLOAN'),
(1249, 56, 'TALISAYAN'),
(1250, 56, 'VILLANUEVA'),
(1251, 57, 'ASUNCION (SAUG)'),
(1260, 57, 'BRAULIO E. DUJALI'),
(1252, 57, 'CARMEN'),
(1255, 57, 'CITY OF PANABO'),
(1258, 57, 'CITY OF TAGUM (Capital)'),
(1256, 57, 'ISLAND GARDEN CITY OF SAMAL'),
(1253, 57, 'KAPALONG'),
(1254, 57, 'NEW CORELLA'),
(1261, 57, 'SAN ISIDRO'),
(1257, 57, 'SANTO TOMAS'),
(1259, 57, 'TALAINGOD'),
(1262, 58, 'BANSALAN'),
(1263, 58, 'CITY OF DAVAO'),
(1264, 58, 'CITY OF DIGOS (Capital)'),
(1265, 58, 'HAGONOY'),
(1266, 58, 'KIBLAWAN'),
(1267, 58, 'MAGSAYSAY'),
(1268, 58, 'MALALAG'),
(1269, 58, 'MATANAO'),
(1270, 58, 'PADADA'),
(1271, 58, 'SANTA CRUZ'),
(1272, 58, 'SULOP'),
(1273, 59, 'BAGANGA'),
(1274, 59, 'BANAYBANAY'),
(1275, 59, 'BOSTON'),
(1276, 59, 'CARAGA'),
(1277, 59, 'CATEEL'),
(1281, 59, 'CITY OF MATI (Capital)'),
(1278, 59, 'GOVERNOR GENEROSO'),
(1279, 59, 'LUPON'),
(1280, 59, 'MANAY'),
(1282, 59, 'SAN ISIDRO'),
(1283, 59, 'TARRAGONA'),
(1284, 60, 'COMPOSTELA'),
(1285, 60, 'LAAK (SAN VICENTE)'),
(1286, 60, 'MABINI (DOÑA ALICIA)'),
(1287, 60, 'MACO'),
(1288, 60, 'MARAGUSAN (SAN MARIANO)'),
(1289, 60, 'MAWAB'),
(1290, 60, 'MONKAYO'),
(1291, 60, 'MONTEVISTA'),
(1292, 60, 'NABUNTURAN (Capital)'),
(1293, 60, 'NEW BATAAN'),
(1294, 60, 'PANTUKAN'),
(1295, 61, 'DON MARCELINO'),
(1296, 61, 'JOSE ABAD SANTOS (TRINIDAD)'),
(1297, 61, 'MALITA (Capital)'),
(1298, 61, 'SANTA MARIA'),
(1299, 61, 'SARANGANI'),
(1300, 62, 'ALAMADA'),
(1316, 62, 'ALEOSAN'),
(1314, 62, 'ANTIPAS'),
(1317, 62, 'ARAKAN'),
(1315, 62, 'BANISILAN'),
(1301, 62, 'CARMEN'),
(1303, 62, 'CITY OF KIDAPAWAN (Capital)'),
(1302, 62, 'KABACAN'),
(1304, 62, 'LIBUNGAN'),
(1309, 62, 'M\'LANG'),
(1305, 62, 'MAGPET'),
(1306, 62, 'MAKILALA'),
(1307, 62, 'MATALAM'),
(1308, 62, 'MIDSAYAP'),
(1310, 62, 'PIGKAWAYAN'),
(1311, 62, 'PIKIT'),
(1312, 62, 'PRESIDENT ROXAS'),
(1313, 62, 'TULUNAN'),
(1318, 63, 'BANGA'),
(1319, 63, 'CITY OF GENERAL SANTOS (DADIANGAS)'),
(1320, 63, 'CITY OF KORONADAL (Capital)'),
(1329, 63, 'LAKE SEBU'),
(1321, 63, 'NORALA'),
(1322, 63, 'POLOMOLOK'),
(1328, 63, 'SANTO NIÑO'),
(1323, 63, 'SURALLAH'),
(1326, 63, 'T\'BOLI'),
(1324, 63, 'TAMPAKAN'),
(1325, 63, 'TANTANGAN'),
(1327, 63, 'TUPI'),
(1330, 64, 'BAGUMBAYAN'),
(1340, 64, 'CITY OF TACURONG'),
(1331, 64, 'COLUMBIO'),
(1332, 64, 'ESPERANZA'),
(1333, 64, 'ISULAN (Capital)'),
(1334, 64, 'KALAMANSIG'),
(1337, 64, 'LAMBAYONG (MARIANO MARCOS)'),
(1335, 64, 'LEBAK'),
(1336, 64, 'LUTAYAN'),
(1338, 64, 'PALIMBANG'),
(1339, 64, 'PRESIDENT QUIRINO'),
(1341, 64, 'SEN. NINOY AQUINO'),
(1342, 65, 'ALABEL (Capital)'),
(1349, 65, 'CITY OF COTABATO'),
(1343, 65, 'GLAN'),
(1344, 65, 'KIAMBA'),
(1345, 65, 'MAASIM'),
(1346, 65, 'MAITUM'),
(1347, 65, 'MALAPATAN'),
(1348, 65, 'MALUNGON'),
(1350, 66, 'CITY OF MANILA'),
(1351, 67, 'CITY OF MANDALUYONG'),
(1352, 67, 'CITY OF MARIKINA'),
(1353, 67, 'CITY OF PASIG'),
(1355, 67, 'CITY OF SAN JUAN'),
(1354, 67, 'QUEZON CITY'),
(1356, 68, 'CITY OF CALOOCAN'),
(1357, 68, 'CITY OF MALABON'),
(1358, 68, 'CITY OF NAVOTAS'),
(1359, 68, 'CITY OF VALENZUELA'),
(1360, 69, 'CITY OF LAS PIÑAS'),
(1361, 69, 'CITY OF MAKATI'),
(1362, 69, 'CITY OF MUNTINLUPA'),
(1363, 69, 'CITY OF PARAÑAQUE'),
(1366, 69, 'CITY OF TAGUIG'),
(1364, 69, 'PASAY CITY'),
(1365, 69, 'PATEROS'),
(1367, 70, 'BANGUED (Capital)'),
(1368, 70, 'BOLINEY'),
(1369, 70, 'BUCAY'),
(1370, 70, 'BUCLOC'),
(1371, 70, 'DAGUIOMAN'),
(1372, 70, 'DANGLAS'),
(1373, 70, 'DOLORES'),
(1374, 70, 'LA PAZ'),
(1375, 70, 'LACUB'),
(1376, 70, 'LAGANGILANG'),
(1377, 70, 'LAGAYAN'),
(1378, 70, 'LANGIDEN'),
(1379, 70, 'LICUAN-BAAY (LICUAN)'),
(1380, 70, 'LUBA'),
(1381, 70, 'MALIBCONG'),
(1382, 70, 'MANABO'),
(1383, 70, 'PEÑARRUBIA'),
(1384, 70, 'PIDIGAN'),
(1385, 70, 'PILAR'),
(1386, 70, 'SALLAPADAN'),
(1387, 70, 'SAN ISIDRO'),
(1388, 70, 'SAN JUAN'),
(1389, 70, 'SAN QUINTIN'),
(1390, 70, 'TAYUM'),
(1391, 70, 'TINEG'),
(1392, 70, 'TUBO'),
(1393, 70, 'VILLAVICIOSA'),
(1394, 71, 'ATOK'),
(1396, 71, 'BAKUN'),
(1397, 71, 'BOKOD'),
(1398, 71, 'BUGUIAS'),
(1395, 71, 'CITY OF BAGUIO'),
(1399, 71, 'ITOGON'),
(1400, 71, 'KABAYAN'),
(1401, 71, 'KAPANGAN'),
(1402, 71, 'KIBUNGAN'),
(1403, 71, 'LA TRINIDAD (Capital)'),
(1404, 71, 'MANKAYAN'),
(1405, 71, 'SABLAN'),
(1406, 71, 'TUBA'),
(1407, 71, 'TUBLAY'),
(1415, 72, 'AGUINALDO'),
(1414, 72, 'ALFONSO LISTA (POTIA)'),
(1418, 72, 'ASIPULO'),
(1408, 72, 'BANAUE'),
(1416, 72, 'HINGYON'),
(1409, 72, 'HUNGDUAN'),
(1410, 72, 'KIANGAN'),
(1411, 72, 'LAGAWE (Capital)'),
(1412, 72, 'LAMUT'),
(1413, 72, 'MAYOYAO'),
(1417, 72, 'TINOC'),
(1419, 73, 'BALBALAN'),
(1424, 73, 'CITY OF TABUK (Capital)'),
(1420, 73, 'LUBUAGAN'),
(1421, 73, 'PASIL'),
(1422, 73, 'PINUKPUK'),
(1423, 73, 'RIZAL (LIWAN)'),
(1425, 73, 'TANUDAN'),
(1426, 73, 'TINGLAYAN'),
(1427, 74, 'BARLIG'),
(1428, 74, 'BAUKO'),
(1429, 74, 'BESAO'),
(1430, 74, 'BONTOC (Capital)'),
(1431, 74, 'NATONIN'),
(1432, 74, 'PARACELIS'),
(1433, 74, 'SABANGAN'),
(1434, 74, 'SADANGA'),
(1435, 74, 'SAGADA'),
(1436, 74, 'TADIAN'),
(1437, 75, 'CALANASAN (BAYAG)'),
(1438, 75, 'CONNER'),
(1439, 75, 'FLORA'),
(1440, 75, 'KABUGAO (Capital)'),
(1441, 75, 'LUNA'),
(1442, 75, 'PUDTOL'),
(1443, 75, 'SANTA MARCELA'),
(1450, 76, 'AKBAR'),
(1451, 76, 'AL-BARKA'),
(1444, 76, 'CITY OF LAMITAN (Capital)'),
(1452, 76, 'HADJI MOHAMMAD AJUL'),
(1454, 76, 'HADJI MUHTAMAD'),
(1445, 76, 'LANTAWAN'),
(1446, 76, 'MALUSO'),
(1447, 76, 'SUMISIP'),
(1455, 76, 'TABUAN-LASA'),
(1448, 76, 'TIPO-TIPO'),
(1449, 76, 'TUBURAN'),
(1453, 76, 'UNGKAYA PUKAN'),
(1491, 77, 'AMAI MANABILANG (BUMBARAN)'),
(1456, 77, 'BACOLOD-KALAWI (BACOLOD GRANDE)'),
(1457, 77, 'BALABAGAN'),
(1458, 77, 'BALINDONG (WATU)'),
(1459, 77, 'BAYANG'),
(1460, 77, 'BINIDAYAN'),
(1487, 77, 'BUADIPOSO-BUNTONG'),
(1461, 77, 'BUBONG'),
(1462, 77, 'BUTIG'),
(1486, 77, 'CALANOGAS'),
(1471, 77, 'CITY OF MARAWI (Capital)'),
(1478, 77, 'DITSAAN-RAMAIN'),
(1463, 77, 'GANASSI'),
(1464, 77, 'KAPAI'),
(1493, 77, 'KAPATAGAN'),
(1465, 77, 'LUMBA-BAYABAO (MAGUING)'),
(1495, 77, 'LUMBACA-UNAYAN'),
(1466, 77, 'LUMBATAN'),
(1490, 77, 'LUMBAYANAGUE'),
(1467, 77, 'MADALUM'),
(1468, 77, 'MADAMBA'),
(1488, 77, 'MAGUING'),
(1469, 77, 'MALABANG'),
(1470, 77, 'MARANTAO'),
(1485, 77, 'MAROGONG'),
(1472, 77, 'MASIU'),
(1473, 77, 'MULONDO'),
(1474, 77, 'PAGAYAWAN (TATARIKAN)'),
(1475, 77, 'PIAGAPO'),
(1489, 77, 'PICONG (SULTAN GUMANDER)'),
(1476, 77, 'POONA BAYABAO (GATA)'),
(1477, 77, 'PUALAS'),
(1479, 77, 'SAGUIARAN'),
(1494, 77, 'SULTAN DUMALONDONG'),
(1492, 77, 'TAGOLOAN II'),
(1480, 77, 'TAMPARAN'),
(1481, 77, 'TARAKA'),
(1482, 77, 'TUBARAN'),
(1483, 77, 'TUGAYA'),
(1484, 77, 'WAO'),
(1496, 78, 'AMPATUAN'),
(1512, 78, 'BARIRA'),
(1497, 78, 'BULDON'),
(1498, 78, 'BULUAN'),
(1522, 78, 'DATU ABDULLAH SANGKI'),
(1525, 78, 'DATU ANGGAL MIDTIMBANG'),
(1524, 78, 'DATU BLAH T. SINSUAT'),
(1529, 78, 'DATU HOFFER AMPATUAN'),
(1501, 78, 'DATU ODIN SINSUAT (DINAIG)'),
(1499, 78, 'DATU PAGLAS'),
(1500, 78, 'DATU PIANG'),
(1530, 78, 'DATU SALIBO'),
(1520, 78, 'DATU SAUDI-AMPATUAN'),
(1521, 78, 'DATU UNSAY'),
(1513, 78, 'GEN. S.K. PENDATUN'),
(1519, 78, 'GUINDULUNGAN'),
(1508, 78, 'KABUNTALAN (TUMBAO)'),
(1514, 78, 'MAMASAPANO'),
(1526, 78, 'MANGUDADATU'),
(1503, 78, 'MATANOG'),
(1528, 78, 'NORTHERN KABUNTALAN'),
(1516, 78, 'PAGAGAWAN'),
(1504, 78, 'PAGALUNGAN'),
(1517, 78, 'PAGLAT'),
(1527, 78, 'PANDAG'),
(1505, 78, 'PARANG'),
(1523, 78, 'RAJAH BUAYAN'),
(1502, 78, 'SHARIFF AGUAK (MAGANOY) (Capital)'),
(1531, 78, 'SHARIFF SAYDONA MUSTAPHA'),
(1511, 78, 'SOUTH UPI'),
(1506, 78, 'SULTAN KUDARAT (NULING)'),
(1518, 78, 'SULTAN MASTURA'),
(1507, 78, 'SULTAN SA BARONGIS (LAMBAYONG)'),
(1510, 78, 'TALAYAN'),
(1515, 78, 'TALITAY'),
(1509, 78, 'UPI'),
(1537, 79, 'HADJI PANGLIMA TAHIL (MARUNGGAS)'),
(1532, 79, 'INDANAN'),
(1533, 79, 'JOLO (Capital)'),
(1534, 79, 'KALINGALAN CALUANG'),
(1548, 79, 'LUGUS'),
(1535, 79, 'LUUK'),
(1536, 79, 'MAIMBUNG'),
(1538, 79, 'OLD PANAMAO'),
(1550, 79, 'OMAR'),
(1549, 79, 'PANDAMI'),
(1547, 79, 'PANGLIMA ESTINO (NEW PANAMAO)'),
(1539, 79, 'PANGUTARAN'),
(1540, 79, 'PARANG'),
(1541, 79, 'PATA'),
(1542, 79, 'PATIKUL'),
(1543, 79, 'SIASI'),
(1544, 79, 'TALIPAO'),
(1545, 79, 'TAPUL'),
(1546, 79, 'TONGKIL'),
(1552, 80, 'BONGAO (Capital)'),
(1559, 80, 'LANGUYAN'),
(1553, 80, 'MAPUN (CAGAYAN DE TAWI-TAWI)'),
(1551, 80, 'PANGLIMA SUGALA (BALIMBING)'),
(1560, 80, 'SAPA-SAPA'),
(1561, 80, 'SIBUTU'),
(1554, 80, 'SIMUNUL'),
(1555, 80, 'SITANGKAI'),
(1556, 80, 'SOUTH UBIAN'),
(1557, 80, 'TANDUBAS'),
(1558, 80, 'TURTLE ISLANDS'),
(1562, 81, 'BUENAVISTA'),
(1565, 81, 'CARMEN'),
(1563, 81, 'CITY OF BUTUAN (Capital)'),
(1564, 81, 'CITY OF CABADBARAN'),
(1566, 81, 'JABONGA'),
(1567, 81, 'KITCHARAO'),
(1568, 81, 'LAS NIEVES'),
(1569, 81, 'MAGALLANES'),
(1570, 81, 'NASIPIT'),
(1573, 81, 'REMEDIOS T. ROMUALDEZ'),
(1571, 81, 'SANTIAGO'),
(1572, 81, 'TUBAY'),
(1575, 82, 'BUNAWAN'),
(1574, 82, 'CITY OF BAYUGAN'),
(1576, 82, 'ESPERANZA'),
(1577, 82, 'LA PAZ'),
(1578, 82, 'LORETO'),
(1579, 82, 'PROSPERIDAD (Capital)'),
(1580, 82, 'ROSARIO'),
(1581, 82, 'SAN FRANCISCO'),
(1582, 82, 'SAN LUIS'),
(1583, 82, 'SANTA JOSEFA'),
(1587, 82, 'SIBAGAT'),
(1584, 82, 'TALACOGON'),
(1585, 82, 'TRENTO'),
(1586, 82, 'VERUELA'),
(1588, 83, 'ALEGRIA'),
(1589, 83, 'BACUAG'),
(1590, 83, 'BURGOS'),
(1606, 83, 'CITY OF SURIGAO (Capital)'),
(1591, 83, 'CLAVER'),
(1592, 83, 'DAPA'),
(1593, 83, 'DEL CARMEN'),
(1594, 83, 'GENERAL LUNA'),
(1595, 83, 'GIGAQUIT'),
(1596, 83, 'MAINIT'),
(1597, 83, 'MALIMONO'),
(1598, 83, 'PILAR'),
(1599, 83, 'PLACER'),
(1600, 83, 'SAN BENITO'),
(1601, 83, 'SAN FRANCISCO (ANAO-AON)'),
(1602, 83, 'SAN ISIDRO'),
(1603, 83, 'SANTA MONICA (SAPAO)'),
(1604, 83, 'SISON'),
(1605, 83, 'SOCORRO'),
(1607, 83, 'TAGANA-AN'),
(1608, 83, 'TUBOD'),
(1609, 84, 'BAROBO'),
(1610, 84, 'BAYABAS'),
(1612, 84, 'CAGWAIT'),
(1613, 84, 'CANTILAN'),
(1614, 84, 'CARMEN'),
(1615, 84, 'CARRASCAL'),
(1611, 84, 'CITY OF BISLIG'),
(1627, 84, 'CITY OF TANDAG (Capital)'),
(1616, 84, 'CORTES'),
(1617, 84, 'HINATUAN'),
(1618, 84, 'LANUZA'),
(1619, 84, 'LIANGA'),
(1620, 84, 'LINGIG'),
(1621, 84, 'MADRID'),
(1622, 84, 'MARIHATAG'),
(1623, 84, 'SAN AGUSTIN'),
(1624, 84, 'SAN MIGUEL'),
(1625, 84, 'TAGBINA'),
(1626, 84, 'TAGO'),
(1628, 85, 'BASILISA (RIZAL)'),
(1629, 85, 'CAGDIANAO'),
(1630, 85, 'DINAGAT'),
(1631, 85, 'LIBJO (ALBOR)'),
(1632, 85, 'LORETO'),
(1633, 85, 'SAN JOSE (Capital)'),
(1634, 85, 'TUBAJON');

-- --------------------------------------------------------

--
-- Table structure for table `establishment`
--

CREATE TABLE `establishment` (
  `id` int NOT NULL,
  `name` varchar(255) CHARACTER SET utf8 COLLATE utf8_unicode_ci DEFAULT NULL,
  `address` varchar(500) CHARACTER SET utf8 COLLATE utf8_unicode_ci DEFAULT NULL,
  `contact_number` varchar(255) CHARACTER SET utf8 COLLATE utf8_unicode_ci DEFAULT NULL,
  `latitude` varchar(50) CHARACTER SET utf8 COLLATE utf8_unicode_ci NOT NULL,
  `longitude` varchar(50) CHARACTER SET utf8 COLLATE utf8_unicode_ci DEFAULT NULL,
  `nature` varchar(255) CHARACTER SET utf8 COLLATE utf8_unicode_ci NOT NULL,
  `category` json NOT NULL,
  `page_website` longtext CHARACTER SET utf8 COLLATE utf8_unicode_ci NOT NULL,
  `city_id` varchar(9) CHARACTER SET utf8 COLLATE utf8_unicode_ci DEFAULT NULL,
  `status` tinyint NOT NULL DEFAULT '0'
) ENGINE=InnoDB DEFAULT CHARSET=utf8 COLLATE=utf8_unicode_ci;

--
-- Dumping data for table `establishment`
--

INSERT INTO `establishment` (`id`, `name`, `address`, `contact_number`, `latitude`, `longitude`, `nature`, `category`, `page_website`, `city_id`, `status`) VALUES
(3, 'The Workshop211', '5856 Alfonso St. Poblacion, Makati City', '9154115188', '14.56327332', '121.0319398', 'Studio and retail shop', '[\"hubs\"]', 'https://www.facebook.com/theworkshopmnl/', '1361', 0),
(4, 'DC Fashion Studio ', '2-J Anaheim 4 California Garden Square, Mandaluyong City', '9178536874', '14.57911409', '121.0480579', 'Fashion Boutique / Atelier', '[\"hubs\"]', 'asdasdas', '1351', 1),
(5, 'Nouveau Aesthetic Hub', '5C Glenhaven Tower 1, California Gardens Square, DM Guevarra St. Brgy Highway Hills, Mandaluyong City', '29038951', '14.57919609', '121.0470323', 'Aesthetic Clinic', '[\"hubs\"]', '', '1351', 1),
(6, 'EON, (Events Organizer Network), Inc.', '8F OPL Bldg, 100 C. Palanca St. Legaspi Village Makati City', '8935642 loc 185 / 09175092420', '14.55698327', '121.0177709', 'Public Relation, Communications, and Stakeholder Engagement', '[\"hubs\"]', 'https://www.facebook.com/theEONgroup/', '1361', 1),
(7, 'Barangay South Signal Village', 'Ballecer Streer corner Espino Street South Signal Village Taguig City', '9059564558 / 0928190254', '14.50533805', '121.0536941', 'Government Office', '[\"hubs\"]', 'https://www.facebook.com/SouthSignalVillageOfficial/', '1366', 1),
(8, 'Barangay Palingon', 'F. Manalo Avenue Palingon Tipas Taguig City', '9175791995', '14.53489902', '121.0800725', 'Government Office', '[\"hubs\"]', '', '1366', 1),
(9, 'The Batitis Dentistry', 'Carmen Bldg, 342 Sen Gil Puyat Ave Cor F Fernando St, 43 Zone 7, Pasay, 1300 Metro Manila', '(02) 817 6376', '14.55432701', '120.9985506', 'Dental Clinic', '[\"hubs\"]', 'https://www.facebook.com/thebatitisdentistry/', '1364', 1),
(10, 'Mediprime Medical Clinic	', '159 Felix Ave Karangalan Village, Cainta, 1223 Rizal', '9171766334', '14.60536463', '121.1054475', 'Medical Clinic', '[\"hubs\"]', 'https://www.facebook.com/mediprimemedicalclinic/', '152', 1),
(11, 'AVES Love and Light', 'Chateau L. Ermitage, Carsadang Bago II, City of Imus', '9567040977', '14.42228698', '120.9247031', 'Community based organization', '[\"hubs\"]', 'https://www.facebook.com/AvesCommunityBasedOrganization/', '391', 1),
(12, 'Project H4', '41 Abad Santos St., Brgy. Masipag, Puerto Princesa City, Palawan', '9171567070', '9.736674253', '118.7349704', 'Community based organization', '[\"hubs\"]', 'https://www.facebook.com/projecth4/', '538', 1),
(13, 'Hero by LoveYourself ', '20-15 R-2, Bacoor, Cavite', '(046) 537 7549', '14.44854644', '120.9542407', 'Community Center', '[\"hubs\", \"prep\"]', 'https://www.facebook.com/herobyloveyourself', '385', 1),
(14, 'Rajah Community Center by Family Planning Organization of the Philippines - Iloilo Chapter', 'Dr. 1 St. Ann Bldg., Rizal St., Brgy. Rizal Ibarra, City Proper, Iloilo City', '9175170111', '10.69207736', '122.5686987', 'Community Center', '[\"hubs\", \"prep\"]', 'https://www.facebook.com/FPOPiloilo/', '750', 1),
(15, 'Decent Image Of South Signal Association (DIOSSA)', '08 Resma St., Zone 4 South Signal Village, Taguig City', '9275863613', '14.50649001', '121.0587283', 'Community Center', '[\"hubs\", \"prep\"]', 'https://www.facebook.com/diossa.taguig', '1366', 1),
(16, 'LoveYourself Welcome', '858 Blumentritt Street, corner Remedios St., Sampaloc, Manila', '0967 207 1976', '14.61504449', '121.0000702', 'Community Center', '[\"hubs\", \"prep\"]', 'https://www.facebook.com/LoveYourselfWelcome/', '1350', 1),
(17, 'YCAP Community Center by FPOP Pampanga', '39 Purok 2 Brgy. Maimpis City of San Fernando Pampanga 2000', '9959720968', '15.06768751', '120.6511359', 'Community Center', '[\"hubs\"]', 'https://www.facebook.com/PUSHYCAP/', '559', 1),
(18, 'BAGANI Community Center', 'NEDF Building, 6th Street, Bacolod City 6100, Bacolod, 6100 Negros Occidental', '9065127581', '10.67486688', '122.955163', 'Community Center', '[\"hubs\"]', '', '1185', 1),
(19, 'LoveYourself White House', '40 Don Julio Llorente St, Cebu City', '(032) 3677016', '10.31930001', '123.8988864', 'Community Center', '[\"hubs\", \"prep\"]', 'https://www.facebook.com/loveyourselfwhitehouse/', '875', 1),
(20, 'VIBE community Center by Cebu United Rainbow LGBT Sector (CURLS)', '2nd Floor Walt Jean TKK Euro Castro Bldg., F. Rallos St., Suba, Cebu City 6000', '9423438588', '10.29236986', '123.8934579', 'Community Center', '[\"hubs\"]', 'https://www.facebook.com/VIBElgbt/', '875', 1),
(21, 'Atma Prema Community Center by Bisdak Pride', 'Jasmine St. Door 4 Ceniza Apartment, El Doradao Subdivision, Banilad, Cebu City ', '9176732288', '10.3419595', '123.9121522', 'Community Center', '[\"hubs\"]', 'https://www.facebook.com/atmaprema18/', '875', 1),
(22, 'Mujer Community Center by Mujer LGBT Organization', '2nd floor Tumaga Barangay Hall, Zamboanga City 7000', '9152787849', '6.927992394', '122.0804347', 'Community Center', '[\"hubs\"]', 'https://www.facebook.com/MujerLGBT/', '1133', 1),
(23, 'Oro Pia Community Center by Kagay-an PLUS - Preserving Life, Uniting Society Inc.', 'Gate 2, Nuevas Bldg., 8th-21st St., Nazareth, Cagayan de Oro City', '9985823949', '8.471963312', '124.6478201', 'Community Center', '[\"hubs\"]', 'https://www.facebook.com/OroPiaKPLUSxTLY/', '1229', 1),
(24, 'Lakan Community Center by Juan Positive Movement', '103e Roxas Street, Mabalacat, 2010 Pampanga', '0905 708 4382', '15.17182524', '120.5880031', 'Community Center', '[\"hubs\", \"prep\"]', 'https://www.facebook.com/LAKANCommunityCenter', '295', 1),
(25, 'Olympus Society of Davao Inc. Community Center ', '#36 Loyola St., Bo. Obrero, Davao City', '9227594622', '7.08364143', '125.6150836', 'Community Center', '[\"hubs\", \"prep\"]', 'https://www.facebook.com/OlympusSocietyofDavao/', '1263', 1),
(26, 'LoveYourself Uni', 'LM Building 2nd floor 2028 Unit B,Taft Avenue', '0917 882 6770\n(02) 256 9384', '14.55501607', '120.9971122', 'Community Center', '[\"hubs\", \"prep\"]', 'https://www.facebook.com/LoveYourselfUni/', '1364', 1),
(27, 'Victoria by LoveYourself', '2442 Torres Bldg, 2nd Floor Park Avenue, Pasay City', '0927 912 3757\n(02) 2431244', '14.54610639', '120.9966757', 'Community Center', '[\"hubs\", \"prep\"]', 'https://www.facebook.com/VictoriaByLoveYourself/', '1364', 1),
(28, 'Allied Care Experts Medical Center Baliwag', 'Lot 2975 C-1 DoÑa Remedios Trinidad Hi-way Pinagbarilan Baliwag, Bulacan (27.84 mi)Baliuag, Bulacan 3006', '\n(044) 816 1000', '14.95280955', '120.8844273', 'PrEP Center', '[\"hubs\", \"prep\"]', 'https://www.facebook.com/theAlliedCareExpertsMedicalcenterBALIWAG/', '233', 1),
(29, 'RE De Jesus Multi-Specialty Clinic (The\nGreen Clinic)', 'Room 205, 2nd Floor, REDJ Building, Back of LBC, Caypombo,\nSanta Maria, Bulacan 3200', '0917 127 5197', '14.84764083', '120.9809489', 'PrEP Center', '[\"hubs\", \"prep\", \"treatment\"]', 'https://www.facebook.com/reg3greenclinic/', '253', 1),
(30, 'USBONG (Bulacan Medical Center', 'Bulacan', '0933 699 6412', '14.85886395', '120.8169647', 'PrEP Center', '[\"hubs\", \"prep\"]', 'https://www.facebook.com/USBONGBulacan/?__tn__=%2Cd%2CPR&eid=ARB1lH1h0jbDXf61FLxrTJlnsPkR80vIezXvK65onSgeVSGpAKutGbPwre9B0d4bN7fLP4XbGYY1Fcw', '240', 1),
(31, 'Premiere Medical Center', 'Maharlika Highway (64.16 mi)\nCabanatuan City 3100', '0998 582 9702', '15.50849305', '120.9666026', 'PrEP Center', '[\"hubs\", \"prep\"]', 'https://www.facebook.com/premieremedicalcentercabanatuan/?__tn__=%2Cd%2CPR&eid=ARAy8_l76_na6J_eIxQA3UGCIrVSJWlCcRTwIYty5WOqaSAdBphlWoPueOA8C2mgiHNjegQxF7rXJ13', '257', 1),
(32, 'Balanga RHU 4', 'Bataan', '', '14.6751154', '120.5108803', 'Social Hygiene Clinics/ Reproductive Health and Wellness Clinic', '[\"hubs\"]', '', '221', 1),
(33, 'Lamao Health Center', 'Bataan', '', '14.51397424', '120.6093129', 'Social Hygiene Clinics/ Reproductive Health and Wellness Clinic', '[\"hubs\"]', 'https://www.facebook.com/LamaoHealthCenter174343049309233/', '224', 1),
(34, 'Limay Rural Heatlh Center', 'Bataan', '', '14.56327884', '120.5964513', 'Social Hygiene Clinics/ Reproductive Health and Wellness Clinic', '[\"hubs\"]', 'https://www.facebook.com/RHU1Limay106738810795316/', '224', 1),
(35, 'Orion RHU', 'Bataan', '472444284', '14.62420977', '120.5832355', 'Social Hygiene Clinics/ Reproductive Health and Wellness Clinic', '[\"hubs\"]', 'https://www.facebook.com/OrionRHU/', '228', 1),
(36, 'Mariveles- Rural Health Unit I', 'Bataan', '(047) 935 5696', '14.43590792', '120.4902122', 'Social Hygiene Clinics/ Reproductive Health and Wellness Clinic', '[\"hubs\"]', '', '225', 1),
(37, 'City Health Center V, City of San Jose del Monte', 'Bulacan', '', '14.85438277', '121.0568068', 'Social Hygiene Clinics/ Reproductive Health and Wellness Clinic', '[\"hubs\"]', 'https://www.facebook.com/CityHealthOfficeCityofSanJosedelMonte1421232224777773/', '250', 1),
(38, 'RHU I Amado V. Aldaba Memorial Health Center, Hagonoy', 'Bulacan', '', '14.83656757', '120.7341588', 'Social Hygiene Clinics/ Reproductive Health and Wellness Clinic', '[\"hubs\"]', 'https://www.facebook.com/mho.hagonoy', '239', 1),
(39, 'Bulakan, Bulacan Rural Health Unit', 'San Jose Bulakan, Bulacan 3017', '0931 006 8118', '14.77732541', '120.8795355', 'Social Hygiene Clinics/ Reproductive Health and Wellness Clinic', '[\"hubs\"]', 'https://www.facebook.com/BulakanBulacanRuralHealthUnit108242687475488/', '235', 1),
(40, 'Guiguinto RHU II', 'Bulacan', '', '14.83668353', '120.8858517', 'Social Hygiene Clinics/ Reproductive Health and Wellness Clinic', '[\"hubs\"]', 'https://www.facebook.com/pages/Rhu2TiaongGuiguintoBulacan/1396968340544161', '238', 1),
(41, 'Pulilan RHU I', 'poblacion\nPulilan, Bulacan', '(044) 764 9398', '14.91064617', '120.864265', 'Social Hygiene Clinics/ Reproductive Health and Wellness Clinic', '[\"hubs\"]', 'https://www.facebook.com/pulilan/?__tn__=%2Cd%2CPR&eid=ARC42IeHINvcH2BkSige9CUiHxWdwfcx2pb5vmgu6QyOjla1JpQIXMpZhHi2BpS1gEuGPSPiYCiUnV9y', '248', 1),
(42, 'San Rafael RHU I', 'Brgy. Sampaloc, San Rafael, Bulacan  3008', '', '15.02406434', '120.9341311', 'Social Hygiene Clinics/ Reproductive Health and Wellness Clinic', '[\"hubs\"]', 'https://www.facebook.com/srbulacan/', '252', 1),
(43, 'Sta. Maria RHU IV', 'J. C. de Jesus St., Poblacion\nSanta Maria, Bulacan 3022', '(044) 641 0652', '14.47248077', '121.4270552', 'Social Hygiene Clinics/ Reproductive Health and Wellness Clinic', '[\"hubs\"]', 'https://www.facebook.com/lgusantamaria/', '253', 1),
(44, 'Meycauayan CHU 7 Reproductive Health and Wellness Center', 'City Government of Meycauayan, Camalig City of Meycauayan 3020', '(044) 919 8020 to 8029', '14.75261158', '120.96393', 'Social Hygiene Clinics/ Reproductive Health and Wellness Clinic', '[\"hubs\"]', 'https://www.facebook.com/CITYINFORMATIONANDCOMMUNITYRELATIONSOFFICE/', '242', 1),
(45, 'Cabanatuan City Health\nOffice(Main)-RHWC-SHC', 'Nueva Ecija', '', '15.48775393', '120.9711501', 'Social Hygiene Clinics/ Reproductive Health and Wellness Clinic', '[\"hubs\"]', 'https://www.facebook.com/CabanatuanCityHealthOffice1481415258767544/', '257', 1),
(46, 'Bongabon RHU- SHC', 'Nueva Ecija', '', '15.71284326', '121.1048864', 'Social Hygiene Clinics/ Reproductive Health and Wellness Clinic', '[\"hubs\"]', 'https://www.facebook.com/bongabonMHO/', '152', 1),
(47, 'Gapan City CHU 1- SHC', 'Nueva Ecija', '', '15.31126903', '120.9501439', 'Social Hygiene Clinics/ Reproductive Health and Wellness Clinic', '[\"hubs\"]', 'https://www.facebook.com/doh.hrh.gapancity.ne/', '262', 1),
(48, 'San Jose City RHU 1-SHC', 'Maharlika Highway (83.72 mi) San Jose, Nueva Ecija 3121', '\n(044) 331 0667', '15.78927554', '120.9768762', 'Social Hygiene Clinics/ Reproductive Health and Wellness Clinic', '[\"hubs\"]', 'https://www.facebook.com/officialsanjosecityNE/', '326', 1),
(49, 'San Leonardo RHU 2-SHC', 'Nueva Ecija', '', '15.3647964', '120.9407772', 'Social Hygiene Clinics/ Reproductive Health and Wellness Clinic', '[\"hubs\"]', 'https://www.facebook.com/hrhsanleonardo/', '281', 1),
(50, 'Science City of Munoz SHC', 'Nueva Ecija', '', '15.71308121', '120.9042532', 'Social Hygiene Clinics/ Reproductive Health and Wellness Clinic', '[\"hubs\"]', 'https://www.facebook.com/ScienceCityofMu%C3%B1ozLGU134845976679070/', '271', 1),
(51, 'Palayan City SHC', 'Nueva Ecija', '\n0927 596 5673', '15.54518581', '121.0870414', 'Social Hygiene Clinics/ Reproductive Health and Wellness Clinic', '[\"hubs\"]', 'https://www.facebook.com/capitalofnuevaecija/', '273', 1),
(52, 'City of San Fernando Reproductive\nHealth and Wellness Center', 'City Hall, F. Ortega Highway (148.62 mi)\nSan Fernando, La Union 2500', '\n(072) 687 8100', '16.61646808', '120.3177901', 'Social Hygiene Clinics/ Reproductive Health and Wellness Clinic', '[\"hubs\"]', 'https://www.facebook.com/sanfernandocitylu/', '559', 1),
(53, 'Clark Development Corporation Health and Sanitation Division Social Hygiene Clinic', 'Pampanga', '\n0925 123 4567', '15.17861796', '120.5185035', 'Social Hygiene Clinics/ Reproductive Health and Wellness Clinic', '[\"hubs\"]', 'https://www.facebook.com/ClarkDevelopmentCorp/?__tn__=%2Cd%2CPR&eid=ARCwcb47oOVCgd27bjPdd9XJjdyTfEXLcUMshGaNcyARFno3RYerR9pMhMCA5pHMwDunzYCCBnx5e', '295', 1),
(54, 'RHU II Mabalacat Reproductive Health &\nWellness Center', 'Mabalacat, Pampanga', '', '15.17490742', '120.5863282', 'Social Hygiene Clinics/ Reproductive Health and Wellness Clinic', '[\"hubs\"]', 'https://www.facebook.com/profile.php?id=100010423171538&fref=search&__tn__=%2Cd%2CPR&eid=ARAxv0bvPRW4ZtBLJE3tiTvfVHt1Ol8W7YuIAUnaW9bDOPsCIWQUQspi6P5z7E23G1FPeUncp5BmiI5w', '295', 1),
(55, 'RHU I San Simon ', 'San Fernando-Dinalupihan Hwy (39.73 mi)\nLubao, Pampanga 2005', '(04597) 16117', '14.99554249', '120.7785148', 'Social Hygiene Clinics/ Reproductive Health and Wellness Clinic', '[\"hubs\"]', 'https://www.facebook.com/RuralHealthUnitIILubaoPampanga468706576587860/', '294', 1),
(56, 'RHU Porac', 'Pampanga', '', '15.07345993', '120.5392951', 'Social Hygiene Clinics/ Reproductive Health and Wellness Clinic', '[\"hubs\"]', '', '301', 1),
(57, 'Angeles City HIV Reproductive\nHealth and Wellness Center and\nPrimary HIV Care Clinic (Bale\nAngeleÑo)', 'C. Surla St. Balibago ( In front of SureStay hotel ) (50.71 mi)\nAngeles City 2009', '\n0926 072 6899', '15.16482153', '120.5888007', 'Social Hygiene Clinics/ Reproductive Health and Wellness Clinic', '[\"hubs\"]', 'https://www.facebook.com/RHWCAngeles/?ref=br_rs', '287', 1),
(58, 'Angeles University Foundation\nMedical Center (Dr. Edwin\nPasumbal?s Clinic)', '\nMacArthur Highway, Barangay Salapungan (49.37 mi)\nAngeles City 2009', '(045) 625 2999', '15.14496277', '120.5951478', 'Social Hygiene Clinics/ Reproductive Health and Wellness Clinic', '[\"hubs\"]', 'https://www.facebook.com/AUFMedicalCenter/?rf=437765849893962', '287', 1),
(59, 'City Health Center I - Poblacion', '        \nHilario St., Ligtasan\n2300 Tarlac, Tarlac', '', '14.57015395', '121.0300193', 'Social Hygiene Clinics/ Reproductive Health and Wellness Clinic', '[\"hubs\"]', 'https://www.facebook.com/pages/CityHealthCenterIPoblacion/412725115827556', '324', 1),
(60, 'Moncada Rural health Unit', 'Tarlac City', '', '15.73306723', '120.571864', 'Social Hygiene Clinics/ Reproductive Health and Wellness Clinic', '[\"hubs\"]', 'https://www.facebook.com/moncadahealthoffice/', '324', 1),
(61, 'Sta. Cruz RHU', '  \npoblacion north\nSanta Cruz, Zambales', '', '15.76926618', '119.9084115', 'Social Hygiene Clinics/ Reproductive Health and Wellness Clinic', '[\"hubs\"]', 'https://www.facebook.com/pages/Rhu1StaCruzZambales/123914094729967', '47', 1),
(62, 'Castillejos Rural health unit', 'Zambales', '', '14.93630124', '120.1841591', 'Social Hygiene Clinics/ Reproductive Health and Wellness Clinic', '[\"hubs\"]', 'https://www.facebook.com/RHUCastillejos1047324621958077/', '330', 1),
(63, 'Subic RHU 1', 'Subic, Zambales', '0956 394 7757', '14.88994505', '120.2376017', 'Social Hygiene Clinics/ Reproductive Health and Wellness Clinic', '[\"hubs\"]', 'https://www.facebook.com/municipalepidemiologyandsurveillanceunit/', '340', 1),
(64, 'Masinloc RHU 1', 'Sta Lucia St., South Poblacion, Masinloc, Zambales', '', '15.52812366', '119.9603469', 'Social Hygiene Clinics/ Reproductive Health and Wellness Clinic', '[\"hubs\"]', 'https://www.facebook.com/RuralHealthUnitMasinlocZambales102426358159693/', '332', 1),
(65, 'Subic Bay Metropolitan Authority (SBMA) Public Health Safety and Sanitation Division', 'Zambales', '', '14.81782168', '120.2804925', 'Social Hygiene Clinics/ Reproductive Health and Wellness Clinic', '[\"hubs\"]', 'https://www.facebook.com/SBMALaborDepartmentManpowerServicesDivision605298912937481/', '340', 1),
(66, 'San Marcelino District Hospital', 'Linusungan (64.43 mi)\nSan Marcelino, Zambales 2207', '(047) 602 2301', '14.95965897', '120.1682229', 'Social Hygiene Clinics/ Reproductive Health and Wellness Clinic', '[\"hubs\"]', 'https://www.facebook.com/smdhzambales/', '337', 1),
(67, 'Olongapo City Health Office', 'Olongapo City', '(04761) 14814', '14.81854648', '120.2810949', 'Social Hygiene Clinics/ Reproductive Health and Wellness Clinic', '[\"hubs\"]', 'https://www.facebook.com/olongapocityhealthdepartment/', '333', 1),
(68, 'Cattleya Well-Family Midwife Clinic', '10 Cattleya St., Barangay Rizal,\nMakati City Metro Manila', '9178589344/ 0277594623', '14.56222724', '121.0588224', 'Adolescent-Friendly Health Facilities', '[\"hubs\"]', 'https://www.facebook.com/officialpageofCattleyaWFMC', '1361', 1),
(69, 'Likhaan Center for Women?s Health ? San Andres', '2362 A. Crisolita St., Brgy 804, San Andres Manila Metro Manila', '02 8732 0327', '14.57220873', '121.004073', 'Adolescent-Friendly Health Facilities', '[\"hubs\"]', 'https://www.facebook.com/likhaanph', '1350', 1),
(70, 'POPCOM FAMILY PLANNING WELLNESS CLINIC ? Mandaluyong', 'Acacia Lane Extension,Welfareville Compound, Addition Hills\nMandaluyong City, Metro Manila', '09617432337/ (02) 85316897 / 87829284', '14.58438017', '121.0333389', 'Adolescent-Friendly Health Facilities', '[\"hubs\"]', 'https://www.facebook.com/popcom.ncr.official', '1351', 1),
(71, 'Likhaan Center for Women?s Health ? AWHA', '704 A 55 Apelo Cruz St, Barangay 157\nPasay City Metro Manila', '09232308361/ 09198934092', '14.53609271', '121.0064444', 'Adolescent-Friendly Health Facilities', '[\"hubs\"]', 'https://www.facebook.com/likhaanph', '1364', 1),
(72, 'Marikina Youth Health and Wellness Center', 'Marikina City Health Office, Shoe Ave.,\nMarikina City, Metro Manila 1800', '', '14.63629281', '121.0976132', 'Adolescent-Friendly Health Facilities', '[\"hubs\"]', 'https://www.facebook.com/MYHAWC', '1352', 1),
(73, 'Likhaan Center for Women?s Health: Zaragoza', '354 Zaragoza St., Brgy 13, Tondo,\nManila Metro Manila', '02 7900 7891', '14.60334683', '120.9653581', 'Adolescent-Friendly Health Facilities', '[\"hubs\"]', 'https://www.facebook.com/likhaanph', '1350', 1),
(74, 'Family Planning Organization of the Philippines (FPOP) Community Health Care Clinic: Tondo', '298 Lualhati Corner Zaragosa Sts., Tondo\nManila Metro Manila', '9392700712', '14.73554317', '120.9599729', 'Adolescent-Friendly Health Facilities', '[\"hubs\"]', 'https://www.facebook.com/pages/Family%20Planning%20Organization%20of%20the%20Philippines%20(FPOP)/104991902920745/', '1350', 1),
(75, 'Likhaan Center for Women?s Health ? Quezon City', '27 Ofelia St., Ofelia Village, Bahay Toro\nQuezon City Metro Manila', '02 8926 6230 / 02 3454 3854', '14.67133873', '121.031908', 'Adolescent-Friendly Health Facilities', '[\"hubs\"]', 'https://www.facebook.com/likhaanph', '1354', 1),
(76, 'Family Planning Organization of the Philippines (FPOP) Community Health Care Clinic: Tandang Sora', '248 Bancod Building, Tandang Sora\nQuezon City Metro Manila', '02 7255 7678', '14.62812572', '121.0558205', 'Adolescent-Friendly Health Facilities', '[\"hubs\"]', 'https://www.facebook.com/FPOPCommunityHealthCareClinicandBirthingFacility1751298848256842', '1354', 1),
(77, 'Likhaan Center for Women?s Health ? Navotas', 'Units 1B-D, Block 21, Lot 11, Dalagang Bukid cor Karpa Alley\nBrgy. North Bay Boulevard South Kaunlaran\nNavotas City Metro Manila', '02 8398 2784', '14.64885033', '120.9586798', 'Adolescent-Friendly Health Facilities', '[\"hubs\"]', 'https://www.facebook.com/likhaanph', '1358', 1),
(78, 'NGC Teen Health Quarter, Quezon City', 'MRB, Pilot Area\nQuezon City', '0917 596 1083', '14.69604256', '121.0786501', 'Adolescent-Friendly Health Facilities', '[\"hubs\"]', 'https://www.facebook.com/NGCTHQ', '1354', 1),
(79, 'Family Planning Organization of the Philippines (FPOP)- Cavite', '25-A National Road, Panamitan,\nKawit Cavite', '0932 385 2417', '14.43900304', '120.8970731', 'Adolescent-Friendly Health Facilities', '[\"hubs\"]', 'https://www.facebook.com/fpopcavite', '393', 1),
(80, 'Likhaan Center for Women?s Health ? Towerville', '9003 Tialo St., Brgy. Minuyan Proper\nCity of San Jose del Monte Bulacan', '9178501429', '14.8363958', '121.0775743', 'Adolescent-Friendly Health Facilities', '[\"hubs\"]', 'https://www.facebook.com/likhaanph', '250', 1),
(81, 'Tanza RHU', 'Daang Amaya I,\nTanza, Cavite 4108', '0917 863 0757', '14.35538928', '120.837636', 'Adolescent-Friendly Health Facilities', '[\"hubs\"]', 'https://www.facebook.com/pages/Rural%20Health%20Center%20Tanza,%20Cavite/347216088803219/', '402', 1),
(82, 'Pangil RHU', 'Pakil - Pangil - Mabitac Rd., Brgy. Isla,\nPangil, Laguna', '', '14.40689817', '121.457187', 'Adolescent-Friendly Health Facilities', '[\"hubs\"]', 'https://www.facebook.com/pangil.rhu', '426', 1),
(83, 'Bataan General Hospital and Medical Center', 'Manahan St., Tenejero,\nBalanga City, Bataan', '(0908) 873 9148', '14.67853827', '120.530425', 'Adolescent-Friendly Health Facilities', '[\"hubs\", \"prep\"]', 'https://www.facebook.com/bataangeneralhospitalofficial', '221', 1),
(84, 'Family Planning Organization of the Philippines (FPOP) ? Pampanga', 'J Rizal Ave. Purok 1, Barangay Maimpis,\nSan Fernando City Pampanga', '0996 791 6217', '15.02892908', '120.6922134', 'Adolescent-Friendly Health Facilities', '[\"hubs\"]', 'https://www.facebook.com/familyplanning1969', '302', 1),
(85, 'Loakan District Health Center', '#37 Purok Bubon, Loakan Proper,Baguio City Benguet', '', '16.38415652', '120.6173848', 'Adolescent-Friendly Health Facilities', '[\"hubs\"]', 'https://www.facebook.com/ahdp.dohchdcar.5', '1395', 1),
(86, 'Scout Barrio Health Center', 'Loakan Rd., Camp John Hay,Baguio City, Benguet 2602', '', '16.39645656', '120.6085213', 'Adolescent-Friendly Health Facilities', '[\"hubs\"]', 'https://www.facebook.com/Scoutbarriohealthcenter103810644368919', '1395', 1),
(87, 'City Camp Teen Hub', 'City Camp Rd.,Baguio City, Benguet', '', '16.41092678', '120.5884054', 'Adolescent-Friendly Health Facilities', '[\"hubs\"]', '', '1395', 1),
(88, 'Pacdal Health Center', 'Siapno Rd.,\nBaguio City, Benguet', '', '16.41954477', '120.6127517', 'Adolescent-Friendly Health Facilities', '[\"hubs\"]', 'https://www.facebook.com/PacdalHealthCenter110278244060860', '1395', 1),
(89, 'Family Planning Organization of the Philippines (FPOP) Baguio ? Benguet', '2nd floor, Superintendent?s Office, Baguio City Market,Bagong Lipunan,Baguio City Benguet', '0921 777 5360', '16.41295039', '120.5971854', 'Adolescent-Friendly Health Facilities', '[\"hubs\"]', 'https://www.facebook.com/FPOPYCG', '1395', 1),
(90, 'Lucban Health Center Teen Hub', 'Lucban District Health Center, New Lucban Rd.,\nBaguio City, Benguet 2602', '', '16.42026898', '120.5964374', 'Adolescent-Friendly Health Facilities', '[\"hubs\"]', 'https://www.facebook.com/pages/Rural%20Health%20Center%20Lucban,quezon/377360059114515/', '1395', 1),
(91, 'Kelly?s Birthing Home ? OPEN 24 HOURS', 'San Geronimo Street, Quirino,\nCordon, Isabela', '9057717886', '16.67444858', '121.4635931', 'Adolescent-Friendly Health Facilities', '[\"hubs\"]', 'https://www.facebook.com/KELLYSBIRTHINGHOMECORDON', '169', 1),
(92, 'Luba RHU', 'National Road, Poblacion,\nLuba, Abra 2813', '', '17.31689903', '120.6937581', 'Adolescent-Friendly Health Facilities', '[\"hubs\"]', '', '1380', 1),
(93, 'Manabo RHU', 'Manabo Rural Health Unit,\nManabo, Abra', '', '17.43208081', '120.704372', 'Adolescent-Friendly Health Facilities', '[\"hubs\"]', '', '1382', 1),
(94, 'Santa RHU', 'Santa Rural Health Unit,\nSanta, Ilocos Sur 2703', '0917 799 0333', '17.54665135', '120.4528779', 'Adolescent-Friendly Health Facilities', '[\"hubs\"]', '', '45', 1),
(95, 'Vigan City Health Office', '17 Quezon Ave.,\nVigan City, Ilocos Sur 2700', '7226785', '17.5702859', '120.386981', 'Adolescent-Friendly Health Facilities', '[\"hubs\"]', 'https://www.facebook.com/vigancho', '57', 1),
(96, 'Bantay RHU', 'Manor,\nBantay, Ilocos Sur', '0917 799 9917', '17.58115561', '120.3902194', 'Adolescent-Friendly Health Facilities', '[\"hubs\"]', '', '26', 1),
(97, 'Santa Catalina RHU', 'Vigan-Sta. Catalina Road,\nSanta Catalina, 2701', '0999 999 8489', '17.58928039', '120.3638939', 'Adolescent-Friendly Health Facilities', '[\"hubs\"]', 'https://www.facebook.com/rhu.santacatalina', '46', 1),
(98, 'Madalag RHU', 'Navarette St.,\nMadalag, Aklan', '(036) 2723625', '11.5255034', '122.3081366', 'Adolescent-Friendly Health Facilities', '[\"hubs\"]', '', '687', 1),
(99, 'Dao RHU', 'Sto. Tomas, Poblacion Ilawod,\nDao, Capiz', '0920 921 9621', '10.51583194', '121.9452877', 'Adolescent-Friendly Health Facilities', '[\"hubs\"]', '', '714', 1),
(100, 'Bugasong RHU', 'National Road, Centro Ilaya,\nBugasong, Antique 5704', '0917 621 5521', '11.14215902', '122.0438414', 'Adolescent-Friendly Health Facilities', '[\"hubs\"]', 'https://www.facebook.com/BugasongRuralHealthUnit2318811461675111', '698', 1),
(101, 'Family Planning Organization of the Philippines (FPOP) ? Iloilo', '2nd floor Dulalia Bldg. cor Rizal St, Iloilo City Proper,\nBrgy. Maria Clara\nIloilo City, Iloilo', ' 0917 517 0111', '10.69209807', '122.5635917', 'Adolescent-Friendly Health Facilities', '[\"hubs\"]', 'https://www.facebook.com/ricardosaradponiii', '750', 1),
(102, 'Bago CHO', 'Bago City Hall,\nBago City, Negros Occidental 6101', '0919 464 2610', '10.4811685', '122.9143323', 'Adolescent-Friendly Health Facilities', '[\"hubs\"]', 'https://www.facebook.com/cho.bago.5', '775', 1),
(103, 'San Vicente BHS', 'San Vicente Barangay Hall,\nLiloan, Cebu', '(032) 5642215', '10.39898611', '123.9733649', 'Adolescent-Friendly Health Facilities', '[\"hubs\"]', '', '875', 1),
(104, 'Ugat ng Kalusugan PPC Youth Clinic', '2nd Floor Chiu Building, Rizal Avenue, Corner Lacao Street,\nBarangay Maningning\nPuerto Princesa City Palawan', '09983814686\n(048) 433 9527 / 09153119731', '9.759611818', '118.7472095', 'Adolescent-Friendly Health Facilities', '[\"hubs\"]', 'https://www.facebook.com/UNKClinic', '538', 1),
(105, 'Abuyog District Hospital', 'Pan-Philippine Hwy,\nAbuyog, Leyte', '', '10.75909283', '125.0031884', 'Adolescent-Friendly Health Facilities', '[\"hubs\"]', 'https://www.facebook.com/pages/Abuyog%20District%20Hospital/417323218314375/', '966', 1),
(106, 'Pamplona RHU', 'Cambalud, Poblacion, Oriental,\nPamplona, Negros Oriental', ' 0917 717 0182', '9.474811539', '123.1261838', 'Adolescent-Friendly Health Facilities', '[\"hubs\"]', 'https://www.facebook.com/rhu.pamplona.1', '149', 1),
(107, 'Likhaan Center for Women?s Health ? Giporlos Eastern Samar', 'Barangay 5\nGiporlos Eastern Samar', '9489044611', '11.12332948', '125.455525', 'Adolescent-Friendly Health Facilities', '[\"hubs\"]', 'https://www.facebook.com/likhaanph', '950', 1),
(108, 'Lagonglong RHU', 'Butuan - Cagayan de Oro - Iligan Rd.,\nLagonglong, Misamis Oriental', '0906 347 8003', '8.80638112', '124.7879338', 'Adolescent-Friendly Health Facilities', '[\"hubs\"]', 'https://www.facebook.com/ndplagonglong', '1237', 1),
(109, 'Maramag RHU', 'Dionsio Micayabas St.,\nMaramag, Bukidnon', '0917 702 5990', '7.761035686', '125.0061193', 'Adolescent-Friendly Health Facilities', '[\"hubs\"]', 'https://www.facebook.com/pages/Rhu%20Maramag/186350888684540/', '1172', 1),
(110, 'San Fernando RHU', 'Kapalong - Talaingod - Valencia Rd.,\nSan Fernando, Bukidnon', '0917 718 3106', '7.91393122', '125.3287059', 'Adolescent-Friendly Health Facilities', '[\"hubs\"]', 'https://www.facebook.com/RHUSanFernando106345107748436', '559', 1),
(111, 'President Roxas RHU', 'Purok 13, Brgy. Poblacion,\nPresident Roxas, North Cotabato', '', '11.42606463', '122.9209928', 'Adolescent-Friendly Health Facilities', '[\"hubs\"]', 'https://www.facebook.com/pages/President%20Roxas%20Rural%20Health%20Unit/341002593408152/', '725', 1),
(112, 'Braulio E. Dujali Teen Tambayan', 'Municipal Health Building,\nBraulio E. Dujali, Davao del Norte', '', '7.447623873', '125.6905948', 'Adolescent-Friendly Health Facilities', '[\"hubs\"]', 'https://www.facebook.com/braulioedujali', '1260', 1),
(113, 'M?Lang RHU', 'J. P. Laurel St., Poblacion B,\nM\'Lang, North Cotabato 9402', '', '6.945122357', '124.8791688', 'Adolescent-Friendly Health Facilities', '[\"hubs\"]', 'https://www.facebook.com/DocJunSotea', '1309', 1),
(114, 'Family Planning Organization of the Philippines (FPOP) ? Kidapawan City', '2nd Floor Armando Realty Corp. Building, Labastida St., Poblacion,\nKidapawan City Cotabato', '0996 791 6240', '7.013681206', '125.0928922', 'Adolescent-Friendly Health Facilities', '[\"hubs\"]', '', '1303', 1),
(115, 'LoveYourself Anglo', '715-A Anglo Building, Shaw Blvd, Mandaluyong,', '0917 890 2923\n0915 366 5683', '14.58349908', '121.0511983', 'Community Center', '[\"prep\", \"hubs\", \"pep\"]', 'https://www.facebook.com/loveyourselfanglo/', '1351', 1),
(116, 'Siustained Health Initiatives of the Philippines (SHIP)', 'St. Patrick?s Healthcare Building at 566 Shaw Blvd. Mandaluyong', '', '14.58561923', '121.0482122', 'Non-government organization', '[\"pep\"]', '', '1351', 1),
(117, 'Rafael Lazatin Memorial Medical Center', 'Visitacion St., Angeles City, Pampanga Philippines', '.', '15.14604096', '120.5806661', 'Medical Center', '[\"pep\"]', 'https://www.facebook.com/Rafael-Lazatin-Memorial-Medical-Center-135518223474407', '287', 1),
(118, 'Jose B. Lingad Memorial General Hospital', '2000 MacArthur Hwy, San Fernando, Pampanga', '0923 402 3688', '15.03456726', '120.6846552', 'Hospital', '[\"pep\"]', 'https://www.facebook.com/jblmghpageofficial', '302', 1),
(119, 'CAPIN ? Angeles City (Romana Pangan District Hospital)', 'Porac-Dinalupihan Road, Floridablanca, Pampanga', '', '14.99014697', '120.511518', 'Hospital', '[\"pep\"]', '', '292', 1),
(120, 'Bulacan Medical Center', '99 Potenciano Street, Malolos, Bulacan', ' (044) 791-0630', '14.85861247', '120.8169111', 'Medical Center', '[\"pep\", \"prep\", \"hubs\", \"treatment\"]', 'https://www.facebook.com/pages/Bulacan%20Medical%20Center/140062473204290/', '240', 1),
(121, 'James L. Gordon Memorial Hospital', '305, Olongapo, 2200 Zambales', '(047) 602-1229', '14.82729357', '120.2802279', 'Hospital', '[\"pep\", \"treatment\"]', 'https://www.facebook.com/James-L-Gordon-Memorial-Hospital-188192881233079', '333', 1),
(122, 'Valenzuela Medical Center', 'Padrigal St, Valenzuela, 1441 Metro Manila', '(02) 8294-6711/ (02) 8294-6712', '14.6898854', '120.9781524', 'Medical Center', '[\"pep\"]', 'https://www.facebook.com/vmcmsws', '1359', 1),
(123, 'CAPIN ? Malabon', 'F. Sevilla Blvd, Malabon, Metro Manila', '', '14.65782164', '120.9508536', 'Community Center', '[\"pep\"]', '', '1357', 1),
(124, 'Dr. Paulino J. Garcia Memorial Medical Center', 'Mabini Street Extension, Cabanatuan City, 3100 Nueva Ecija', '', '15.48927357', '120.9727509', 'Medical Center', '[\"pep\"]', '', '257', 1),
(125, 'Likhaan Center for Women?s Health ? Road 10', 'Radial Rd 10, Tondo, Manila, Metro Manila', '02 7369 9747/  0939-2913601 / 0928-7342969 / 7975-9055 / 02 7971 1024', '14.61830218', '120.9601946', 'Women and Children Protection Unit (WCPU)', '[\"pep\", \"hubs\"]', 'https://www.facebook.com/likhaanph', '1350', 1),
(126, 'Quezon City Protection Center', '7 1st West Crame, San Juan, Metro Manila', '(02) 8863-0800/ (02) 8533-4586', '14.60909971', '121.050185', 'Women and Children Protection Unit (WCPU)', '[\"pep\"]', 'https://www.facebook.com/qcprotectioncenter', '73', 1),
(127, 'San Lazaro Hospital', 'Quiricada St, Santa Cruz, Manila, 1003 Metro Manila', '(02) 8732-3777/ 8833-7744 / 8742-5145', '14.61373446', '120.9809048', 'Hospital', '[\"pep\", \"treatment\"]', 'https://www.facebook.com/San-Lazaro-Hospital-316918968425636', '1350', 1),
(128, 'Veterans Memorial Medical Center', 'North Ave, Diliman, Quezon City, Metro Manila', '(02) 8927-6426', '14.65613396', '121.0400449', 'Medical Center', '[\"pep\"]', 'https://www.facebook.com/vmmcofficialpage', '1354', 1),
(129, 'Ambulatory CPU Lingap Bata ? UST Medical Social Service Department Clinical Division', 'University of Santo Tomas Hospital, EspaÑa Blvd, Sampaloc, Manila, 1015 Metro Manila', '(02) 8731-3001', '14.61143168', '120.9901965', 'Women and Children Protection Unit (WCPU)', '[\"pep\"]', 'https://www.facebook.com/cpswhc', '1350', 1),
(130, 'Dr. Jose Fabella Memorial Hospital', '1003 Lope de Vega St, Santa Cruz, Manila, 1003 Metro Manila', '(02) 733-8537', '14.60622597', '120.9842705', 'Hospital', '[\"pep\"]', 'https://www.facebook.com/pages/Dr.%20Jose%20Fabella%20Memorial%20Hospital/116582445056048/', '1350', 1),
(131, 'Philippine Children?s Medical Center', '2nd Flr. Doctor\'s Clinic Quezon Avenue, cor Agham Rd, Diliman, Quezon City, 1101 Metro Manila', '(02) 8588-9900', '14.64770407', '121.0411181', 'Medical Center', '[\"pep\"]', 'https://www.facebook.com/The-Philippine-Childrens-Medical-Center-195436683971424', '1354', 1),
(132, 'National Children?s Hospital', '264 E Rodriguez Sr. Ave, New Manila, Quezon City, 1113 Metro Manila', '(02) 8724-0656/ (02) 8724-0657', '14.62044373', '121.0208091', 'Hospital', '[\"pep\"]', 'https://www.facebook.com/OfficialNCH', '1354', 1),
(133, 'East Avenue Medical Center', 'East Avenue Medical Center, East Ave, Diliman, Quezon City, 1100 Metro Manila', '(02) 928-0611', '14.57773122', '120.985612', 'Medical Center', '[\"pep\"]', 'https://www.facebook.com/East-Avenue-Medical-Center-119862311396552', '1354', 1),
(134, 'Philippine General Hospital ? Child Protection Unit', 'Taft Ave, Ermita, Manila, 1000 Metro Manila', '(02) 8353-0667/ 8524-1512 / 8554-8400', '14.57773122', '120.985612', 'Women and Children Protection Unit (WCPU)', '[\"pep\"]', 'https://www.facebook.com/philippinegeneralhospitalofficial', '1354', 1),
(135, 'Philippine General Hospital ? Medical Social Services', 'Taft Ave, Ermita, Manila, 1000 Metro Manila', '(02) 8554-8400', '14.57773122', '120.985612', 'Women and Children Protection Unit (WCPU)', '[\"pep\"]', 'https://www.facebook.com/philippinegeneralhospitalofficial', '1350', 1),
(136, 'Philippine National Police ? Women and Child Crisis Protection Center', 'J353+J7P, Quezon City, Metro Manila', '(02) 8723-0401', '14.60887544', '121.0532735', 'Women and Children Protection Unit (WCPU)', '[\"pep\"]', 'https://www.facebook.com/pnp.pio', '1350', 1),
(137, 'Cardinal Santos Medical Center', '10 Wilson, Greenhills West, San Juan, 1502 Metro Manila', '(02) 8727-0001', '14.59779787', '121.0455374', 'Medical Center', '[\"pep\"]', 'https://www.facebook.com/CardinalSantos', '73', 1),
(138, 'The Medical City ? Ortigas', 'Ortigas Ave, Pasig, Metro Manila', '0906 434 2616/ 0921 817 5767', '14.5896018', '121.0692728', 'Medical Center', '[\"pep\", \"treatment\"]', 'https://www.facebook.com/pages/The%20Medical%20City%20sm%20east%20Ortigas/256737014732348/', '1353', 1),
(139, 'Rizal Medical Center', 'Pasig Blvd, Pasig, 1600 Metro Manila', '0917 836 2410', '14.56425191', '121.0659514', 'Medical Center', '[\"pep\", \"treatment\"]', 'https://www.facebook.com/rmc.doh.gov.ph', '1353', 1),
(140, 'Pasig City Children?s Hospital Child?s Hope', '15 A Industria, Pasig, 1600 Metro Manila', ' (02) 8643-2222', '14.56212527', '121.0743283', 'Women and Children Protection Unit (WCPU)', '[\"pep\"]', 'https://www.facebook.com/pages/Pasig%20City%20Childrens%20Hospital/110601083898223/', '1353', 1),
(141, 'Ospital ng Makati', 'Sampaguita St, Makati, 1218 Metro Manila', '(02) 8882 6316', '14.54650798', '121.0617359', 'Hospital', '[\"pep\"]', 'https://www.facebook.com/OspitalngMakatiOsmak', '1361', 1),
(142, 'Pasig City Health Office', 'City Hall Pedestrian Bridge, Pasig, Metro Manila', '(02) 8641-0197/ (02) 8641-0824', '14.55965866', '121.0814542', 'Health Office', '[\"pep\"]', 'https://www.facebook.com/Pasig-City-Health-Department-536348143108670', '1353', 1),
(143, 'Pasig City General Hospital', 'M Eusebio, Pasig, Metro Manila', '0945 338 4634/ (02) 8643-3333', '14.57220093', '121.0994266', 'Hospital', '[\"pep\"]', 'https://www.facebook.com/Pasig-City-General-Hospital-Gender-and-Development-Group-1753151034905819', '1353', 1),
(144, 'Don Mariano Lying-in & Health Center ? Open 24 Hours', 'H4PG+3MR, Cainta, Lalawigan ng Rizal', '', '14.58525287', '121.1266427', 'Health Center', '[\"pep\"]', '', '481', 1),
(145, 'Ospital ng Muntinlupa', 'Filinvest Corporate City, Civic Dr, Alabang, Muntinlupa, Metro Manila', '(02) 771-0457', '14.41410595', '121.0438998', 'Hospital', '[\"pep\"]', 'https://www.facebook.com/OSMUNOFFICIAL', '1362', 1),
(146, 'De La Salle University Medical Center', 'Gov, D. Mangubat St, Avenue, DasmariÑas, 4114 Cavite', '0926 353 6360/ (046) 481-8000', '14.32719591', '120.9433944', 'Medical Center', '[\"pep\"]', 'https://www.facebook.com/dlsumcofficial', '388', 1),
(147, 'Ospital ng BiÑan', 'BiÑan Community Hospital, 145 Manila S Rd, BiÑan, 4024 Laguna', '(049) 511-4119', '14.33694264', '121.0740988', 'Hospital', '[\"pep\"]', 'https://www.facebook.com/OsBinOfficial', '408', 1),
(148, 'Region I Medical Center', 'Arellano St, Dagupan, 2400 Pangasinan', '(072) 515-8916', '16.04857903', '120.3415279', 'Medical Center', '[\"pep\"]', 'https://www.facebook.com/r1mcofficial', '95', 1),
(149, 'LGU ? Infanta', 'PJWX+CR3, Infanta, Quezon', '535-4045', '14.74613478', '121.6495337', 'Women and Children Protection Unit (WCPU)', '[\"pep\"]', 'https://www.facebook.com/mabuhaykainfanta', '97', 1),
(150, 'Pagsanjan Rural Health Unit ? Open 24 Hours', '7C7R+R46, Pagsanjan, Laguna', '', '14.26455061', '121.440285', 'Women and Children Protection Unit (WCPU)', '[\"pep\"]', '', '424', 1),
(151, 'CAPIN ? Calauan, Laguna', 'Calauan, Laguna, Bay - Calauan Hwy, Calauan, Laguna', '', '14.14694249', '121.3137571', 'Women and Children Protection Unit (WCPU)', '[\"pep\"]', '', '411', 1),
(152, 'Alaminos Rural Health Unit', 'National Road, Poblacion, Alaminos, 4001 Laguna', '', '14.07177997', '121.2554822', 'Health Office', '[\"pep\"]', '', '406', 1),
(153, 'ROSE LYING-IN CLINIC & FAMILY PLANNING', 'III-A Hermanos Belen Street, San Pablo City, 4000 Laguna', '', '14.0683689', '121.3265097', 'Women and Children Protection Unit (WCPU)', '[\"pep\"]', '', '429', 1),
(154, 'LGU ? Bani', '5VM6+GQ6, Bani, Pangasinan', '', '16.1836892', '119.8618615', 'Women and Children Protection Unit (WCPU)', '[\"pep\"]', 'https://www.facebook.com/banipangasinan01', '85', 1),
(155, 'Benguet General Hospital', 'Halsema Highway, La Trinidad, 2601 Benguet', '(074) 442-3165', '16.45077152', '120.5891302', 'Hospital', '[\"pep\"]', 'https://www.facebook.com/beghhealthcareforall', '1403', 1),
(156, 'Batangas Medical Center', 'Bihi Road, Kumintang Ibaba, Batangas', '(043) 740-8307\n', '13.76687276', '121.0662994', 'Medical Center', '[\"pep\", \"treatment\"]', 'https://www.facebook.com/batmedcenofficial', '353', 1),
(157, 'Region 2 Trauma and Medical Center', 'AH26, Bayombong, 3700 Nueva Vizcaya', '(078) 805-3561/ (078) 805-3562', '16.48310151', '121.1342535', 'Medical Center', '[\"pep\"]', 'https://www.facebook.com/Salun-at-ti-Umili-Region-II-Trauma-and-Medical-Center-1609866369238290', '202', 1),
(158, 'Quezon Medical Center', 'Quezon Ave, Lucena, 4301 Quezon', '(042) 717-6323', '13.94222894', '121.612497', 'Medical Center', '[\"pep\", \"treatment\"]', 'https://www.facebook.com/pages/Quezon%20Medical%20Center/1713396342286862/', '453', 1),
(159, 'Bacnotan District Hospital', 'MacArthur Hwy, Bacnotan, La Union', '(072) 719-0059', '16.72538544', '120.350958', 'Hospital', '[\"pep\"]', 'https://www.facebook.com/pages/Bacnotan%20District%20Hospital/231325716885772/', '60', 1),
(160, 'Southern Isabela General Hospital', 'Zamora St, Santiago, 3311 Isabela', '', '16.68010184', '121.5467239', 'Hospital', '[\"pep\"]', '', '50', 1),
(161, 'Luis Hora Regional Memorial Hospital', 'Tagudin - Cervantes - Sabangan Rd, Bauko, Mountain Province', '0999 994 5391', '16.98105784', '120.8537668', 'Hospital', '[\"pep\"]', 'https://www.facebook.com/Luis-Hora-Memorial-Regional-Hospital-758774977593805', '1428', 1),
(162, 'LGU ? Sablayan', 'RQVJ+G2Q, Sablayan, 5104 Occidental Mindoro', '', '12.84393141', '120.7800542', 'Women and Children Protection Unit (WCPU)', '[\"pep\"]', 'https://www.facebook.com/lgu.sagbayan', '505', 1),
(163, 'Gov. Faustino Dy Memorial Hospital', '4VJ9+VGG, Ilagan, Isabela', '(078) 652-1100', '17.13219368', '121.8688167', 'Hospital', '[\"pep\"]', 'https://www.facebook.com/pages/Governor%20Faustino%20N.%20Dy%20Memorial%20Hospital/166598566751390/', '174', 1),
(164, 'Camarines Norte Provincial Hospital', 'Bagasbas Rd, Daet, 4600 Camarines Norte', '(054) 721-5425', '14.12133858', '122.9569621', 'Hospital', '[\"pep\"]', 'https://www.facebook.com/phocamnorte', '584', 1),
(165, 'Purple Hearts ? Mindoro', '95GG+PXG, Calapan, Oriental Mindoro', '0939 151 6568/ 0948 900 5454', '13.37681653', '121.1774882', 'Women and Children Protection Unit (WCPU)', '[\"pep\"]', '', '512', 1),
(166, 'Cagayan Valley Medical Center', 'Pan-Philippine Hwy, Carig Regional Center, Tuguegarao, Cagayan', '(078) 302-0000', '17.65660051', '121.7466147', 'Medical Center', '[\"pep\", \"treatment\"]', 'https://www.facebook.com/CVMCHealthCare', '160', 1),
(167, 'LGU ? Oas, Albay', '78 Realista St, Oas, Albay', '', '13.25752034', '123.4995259', 'Women and Children Protection Unit (WCPU)', '[\"pep\"]', 'https://www.facebook.com/lguoas.albay', '575', 1),
(168, 'LGU ? Tiwi, Albay', 'FM4J+X49, Tiwi, Albay', '0926 395 8489/ 0926 826 5405', '13.45746214', '123.6803511', 'Women and Children Protection Unit (WCPU)', '[\"pep\"]', 'https://www.facebook.com/municipalityoftiwi2016', '581', 1),
(169, 'Dr. Rafael S. Tumbokon Memorial Hospital', 'Mabini St, Kalibo, 5600 Aklan', '(036) 268-2606', '11.70520624', '122.3657102', 'Medical Center', '[\"pep\", \"treatment\"]', 'https://www.facebook.com/Dr-Rafael-S-Tumbokon-Memorial-Hospital-Nursing-Service-Department-105831591029403', '684', 1),
(170, 'Masbate Provincial Hospital', 'Danao St, Masbate City, Masbate', '0921 286 8968', '12.3722912', '123.6237194', 'Medical Center', '[\"pep\"]', 'https://www.facebook.com/MasbateProvincialHospital', '652', 1),
(171, 'LGU ? Milagros', 'Calasuche, Masbate', '', '12.21858129', '123.5111629', 'Women and Children Protection Unit (WCPU)', '[\"pep\"]', 'https://www.facebook.com/milagrostoday', '653', 1),
(172, 'Roxas Memorial Provincial Hospital', 'Arnaldo Boulevard, Roxas City, Capiz', '(036) 621-0030', '11.58803281', '122.7529', 'Medical Center', '[\"pep\"]', 'https://www.facebook.com/rmphcapiz', '725', 1),
(173, 'LGU ? Irosin', 'P23M+3JX, Irosin, Sorsogon', '', '12.70275919', '124.0341055', 'Women and Children Protection Unit (WCPU)', '[\"pep\"]', 'https://www.facebook.com/IrosinLGU', '670', 1),
(174, 'LGU ? Cawayan', 'WQJ9+3HX, Bayan ng Cawayan, Lalawigan ng Masbate', '(036) 540-7133', '11.93025049', '123.7690192', 'Women and Children Protection Unit (WCPU)', '[\"pep\"]', 'https://www.facebook.com/lgucawayanmasbate5409', '647', 1),
(175, 'CAPIN ? Antique', 'San Jose Street, San Jose de Buenavista, 5700', '', '10.74383238', '121.9420777', 'Women and Children Protection Unit (WCPU)', '[\"pep\"]', '', '707', 1),
(176, 'CPU ? Palangga, Northern Samar', 'Anunciation St., Brgy. Acacia, Catarman, Northern Samar', '0921 330 0959', '12.49918392', '124.6377076', 'Women and Children Protection Unit (WCPU)', '[\"pep\"]', 'https://www.facebook.com/NorthernSamarPIO', '1180', 1),
(177, 'West Visayas State University Medical Center', 'E Lopez St, Jaro, Iloilo City, 5000 Iloilo', '(033) 320-2431', '10.71606281', '122.5612336', 'Medical Center', '[\"pep\"]', 'https://www.facebook.com/wvsufb', '750', 1),
(178, 'LGU ? Lope de Vega, Northern Samar', '7JXF+4G2, Lope de Vega, Northern Samar', '', '12.29786184', '124.6237209', 'Women and Children Protection Unit (WCPU)', '[\"pep\"]', 'https://www.facebook.com/lgulopedevega1981', '1032', 1),
(179, 'Teresita L. Jalandoni Provincial Hospital', 'RX4H+W8F, Silay City Heritage Zone, Silay City, Negros Occidental', ' (034) 714-6234', '10.80732092', '122.9782828', 'Medical Center', '[\"pep\"]', 'https://www.facebook.com/tsatSilay', '799', 1),
(180, 'Dr. Catalino Gallego Nava Provincial Hospital', 'Guimaras Circumferential Rd, Jordan, Guimaras', '(033) 581-2037', '10.59759086', '122.5893747', 'Medical Center', '[\"pep\"]', 'https://www.facebook.com/DrCatalino-Gallego-Nava-Provincial-Hospital-268143716967922', '807', 1),
(181, 'LGU ? Sta. Margarita', '2MQ5+69W, Santa Margarita, Samar', '', '12.03812147', '124.6584513', 'Women and Children Protection Unit (WCPU)', '[\"pep\"]', 'https://www.facebook.com/UswagStaMargarita', '1048', 1),
(182, 'LGU ? Tarangnan', 'WP2W+PHX, Tarangnan, Samar', '', '11.90188923', '124.7464755', 'Women and Children Protection Unit (WCPU)', '[\"pep\"]', 'https://www.facebook.com/Local-Government-Unit-of-Tarangnan-Samar-369242493485186', '1052', 1),
(183, 'Batanes General Hospital', 'FX2C+25P, Basco, Batanes', '', '20.4500977', '121.9704666', 'Hospital', '[\"pep\"]', '', '126', 1),
(184, 'LGU ? Oras', 'National Rd, Basco, Batanes', '', '20.44995287', '121.9699611', 'Women and Children Protection Unit (WCPU)', '[\"pep\"]', 'https://www.facebook.com/LGU-Oras-Eastern-Samar-1520960448172167', '126', 1),
(185, 'CAPIN ? Puerto Princesa City, Palawan', 'QPMJ+5JM, Puerto Princesa, Palawan', '0916 577 2269', '9.782984839', '118.731539', 'Women and Children Protection Unit (WCPU)', '[\"pep\"]', '', '538', 1),
(186, 'Vicente Sotto Memorial Medical Center', 'B. Rodriguez St, Cebu City, 6000 Cebu', '0920 970 7554/ (032) 266-1946', '10.30801567', '123.8916017', 'Medical Center', '[\"pep\", \"treatment\"]', 'https://www.facebook.com/OfficialVSMMC', '875', 1),
(187, 'Eastern Visayas Regional Medical Center', 'Magsaysay Blvd, Downtown, Tacloban City, Leyte', '0961 385 2447\n0951 360 2263', '11.25103438', '125.0045651', 'Medical Center', '[\"pep\", \"treatment\", \"hubs\"]', 'https://www.facebook.com/evrmcofficial', '1004', 1),
(188, 'LGU ? Pilar', 'MH93+C3G, Pilar, Bataan', '', '14.6685689', '120.5527094', 'Women and Children Protection Unit (WCPU)', '[\"pep\"]', 'https://www.facebook.com/Lungsod-sa-Pilar-Cebu-108307910557726', '538', 1),
(189, 'LGU ? San Francisco', 'San Francisco Municipal Hall, San Francisco, Camotes Island, Cebu', '', '10.64603425', '124.3822514', 'Women and Children Protection Unit (WCPU)', '[\"pep\"]', 'https://www.facebook.com/groups/179944703086938', '900', 1),
(190, 'LGU ? Borongan City', 'Jct Taft - Oras - Sn Policarpo - Arteche Rd, Borongan City, Eastern Samar', '', '11.60802559', '125.432167', 'Women and Children Protection Unit (WCPU)', '[\"pep\"]', 'https://www.facebook.com/borongancityinfo', '946', 1),
(191, 'LGU ? Balangkayan', 'FGF6+48M, Balangkayan, Eastern Samar', '0916 577 2269', '11.47286309', '125.5107989', 'Women and Children Protection Unit (WCPU)', '[\"pep\"]', '', '945', 1),
(192, 'Gov. Celestino Gallares Memorial Hospital', '53 Miguel Parras St, Tagbilaran City, 6300 Bohol', '(048) 433 2621/ (048) 434 8339', '9.644215231', '123.8570533', 'Hospital', '[\"pep\", \"treatment\"]', 'https://www.facebook.com/ospital.palawan', '852', 1),
(193, 'LGU ? Salcedo', '6807, Salcedo, 6807 Eastern Samar', '', '11.14927672', '125.6629095', 'Women and Children Protection Unit (WCPU)', '[\"pep\"]', 'https://www.facebook.com/Municipality-of-Balangkayan-102855718033637', '961', 1),
(194, 'CAPIN ? Dumaguete City', 'Colon St, Dumaguete, 6200 Negros Oriental', '(038) 411-4868/ (038) 411-4869 / (038) 501-7531', '9.305110154', '123.3093698', 'Women and Children Protection Unit (WCPU)', '[\"pep\"]', 'https://www.facebook.com/gcgmhofficial', '921', 1),
(195, 'LGU ? Liloan (Salvacion Oppus YÑiguez Memorial Provincial Hospital)', 'Mantahan, Maasin City, Southern Leyte', '', '10.16712483', '124.8402903', 'Hospital', '[\"pep\"]', 'https://www.facebook.com/LGUSalcedo', '1065', 1),
(196, 'LGU ? Libagon', 'Municipal Hall, Libagon, Southern Leyte', '0926 210 6168', '10.29625847', '125.0506675', 'Women and Children Protection Unit (WCPU)', '[\"pep\"]', '', '1063', 1),
(197, 'LGU ? San Ricardo', ' San Ricardo, Southern Leyte', '', '9.91146622', '125.2765403', 'Women and Children Protection Unit (WCPU)', '[\"pep\"]', 'https://www.facebook.com/pages/Salvacion%20Oppus%20Y%C3%B1iguez%20Memorial%20Provincial%20Hospital/250878051600161/', '1073', 1),
(198, 'Dr. Jose Rizal Memorial Hospital', 'NATIONAL HIGHWAY, Junction Polo-Dapitan Park National Rd, Lungsod ng Dapitan, 7101 Zamboanga del Norte', '', '8.639096942', '123.4157593', 'Hospital', '[\"pep\"]', 'https://www.facebook.com/LibagonSoLeyte', '1086', 1),
(199, 'Caraga Regional Hospital', 'Rizal Street, Brgy. Washington Roxas Street, Surigao City, Surigao del Norte', '0907 690 0720/ (086) 826-1575', '9.78442057', '125.4900508', 'Hospital', '[\"pep\", \"treatment\"]', 'https://www.facebook.com/caragarh', '1606', 1),
(200, 'Mayor Hilarion A. Ramiro Sr. Medical Center', 'Mindog, Ozamiz City, 7200 Misamis Occidental', '(088) 521-0440', '8.16982388', '123.8579056', 'Medical Center', '[\"pep\", \"treatment\"]', 'https://www.facebook.com/MHARSMedicalCenter', '1217', 1),
(201, 'Northern Mindanao Medical Center', 'Capitol Rd, Cagayan de Oro, 9000 Misamis Oriental', '0935 536 2502', '8.485895658', '124.649444', 'Medical Center', '[\"pep\", \"treatment\"]', 'https://www.facebook.com/NMMCRegion10', '1229', 1),
(202, 'Agusan del Norte Provincial Hospital', 'WGX4+65Q, Butuan City, Agusan Del Norte', '(085) 342-8022', '8.948102389', '125.5054876', 'Hospital', '[\"pep\"]', 'https://www.facebook.com/adnpho', '1563', 1),
(203, 'Margosatubig Regional Hospital', 'F. Nightingale St, Margosatubig, 7035 Zamboanga del Sur', '0948 159 9590', '7.575199174', '123.1643929', 'Hospital', '[\"pep\", \"treatment\"]', 'https://www.facebook.com/margosatubigreghospital', '1123', 1);
INSERT INTO `establishment` (`id`, `name`, `address`, `contact_number`, `latitude`, `longitude`, `nature`, `category`, `page_website`, `city_id`, `status`) VALUES
(204, 'Amai Pakpak Medical Center', 'Marawi City, Lanao del Sur', '0917 887 1029/ (063) 876-0001', '8.004536862', '124.2839922', 'Medical Center', '[\"pep\"]', 'https://www.facebook.com/Amai-Pakpak-Medical-Center-415266538501609', '1471', 1),
(205, 'Bukidnon Provincial Medical Center', 'Sayre Hwy, Malaybalay, 8700 Bukidnon', '0917 719 8179', '8.128015519', '125.1285998', 'Medical Center', '[\"pep\"]', 'https://www.facebook.com/BukidnonProvincialMedicalCenter', '1169', 1),
(206, 'Basilan General Hospital', 'Km. 2 Binuangan, Isabela City, Basilan', '(062) 200-3427', '6.700153666', '121.9883734', 'Hospital', '[\"pep\"]', 'https://www.facebook.com/BasilanGeneralHospital', '1157', 1),
(207, 'Cotabato Regional and Medical Center', '10 Sinsuat Ave, Cotabato City, 9600 Maguindanao', '(064) 421-2340/ (064) 421-2022', '7.200241217', '124.2362791', 'Medical Center', '[\"pep\"]', 'https://www.facebook.com/crmc12', '1349', 1),
(208, 'Ilocos Sur Povincial Hospital - Gabriela Silang', 'Quirino Blvd., Tamag Vigan Ilocos Sur', '09272957363/ 09175641530', '17.55351803', '120.3797274', 'Hospital', '[\"treatment\"]', 'https://m.facebook.com/profile.php?id=518133551621679', '57', 1),
(209, 'Ilocos Training and Regional Medical Center', 'Parian, San Fernando CIty, La Union', '(072) 607-6418/ (072) 607-9912', '16.59123426', '120.3178203', 'Medical Center', '[\"treatment\", \"pep\"]', 'https://m.facebook.com/profile.php?id=619945725194906&__tn__=C-R', '71', 1),
(210, 'Mariano Marcos Memorial Hospital and Medical Center', 'Barangay 6 San Julian, Batac, Ilocos Norte', '(077) 600-8000', '18.06042649', '120.5591288', 'Medical Center', '[\"treatment\", \"pep\"]', 'https://www.facebook.com/PublicHealthMmmhMcOfficial/', '5', 1),
(211, 'Region 1 Medical Center (PINAS - Unit) ', 'Arellano St. Dagupan City, Pangasinan 2400', '(075) 515-8916/ 515-3030', '16.0485945', '120.3415601', 'Medical Center', '[\"treatment\"]', 'https://www.facebook.com/r1mcofficial/?rf=1533018856919070', '95', 1),
(212, 'Veterans Regional Hospital', 'Magsaysay, Bayombong, Nueva Vizcaya', '(078) 805-3561 loc. 1225', '16.48254852', '121.1353129', 'Hospital', '[\"treatment\"]', 'https://www.facebook.com/pages/category/Medical-Company/Veterans-Regional-Hospital-Department-of-Pediatrics-906043706139194/', '202', 1),
(213, 'Allied Care Experts Medical Center (EmbrACE Unit) - Baliwag', 'Pinagbarilan, Baliuag, Bulacan', '0933-873-7688 / (044) 816-1000 Loc 204', '14.95273958', '120.8844326', 'Medical Center', '[\"treatment\", \"pep\", \"prep\", \"hubs\"]', 'https://www.facebook.com/pages/category/Health-Beauty/Embrace-Unit-396007940825591/', '233', 1),
(214, 'Apalit Doctors Hospital, Incorporated (ADHope Unit)', 'Gonzales Ave, San Juan, Apalit, Pampanga', '09362724170/ 09432880323', '14.95230783', '120.763729', 'Hospital', '[\"treatment\"]', 'https://www.facebook.com/apalitdoctors/', '288', 1),
(215, 'Bataan General Hospital (Bataan HAVEN)', 'Manahan St., Tenejero, Balanga City, Bataan', '(047) 237-1274/ (047) 237-1275 loc. 103/ 09998844522', '14.67777167', '120.5304078', 'Hospital/ Harm reduction facility', '[\"treatment\"]', 'https://www.facebook.com/bataangeneralhospitalofficial/', '211', 1),
(216, 'Bulacan Medical Center (Luntiang Silong)', '3rd Flr Pay 3 - Rm 301 Mojon, City of Malolos, Bulacan', '09234051309 / 09155214322', '14.86885471', '120.8297755', 'Medical Center', '[\"treatment\"]', 'https://www.facebook.com/LuntiangSilong.BMC/', '240', 1),
(217, 'Dr. Paulino J. Garcia Memorial Research and Medical Center (Sanctuario De Paulino)', 'Mabini St., Cabanatuan City, Nueva Ecija', '(044)463-8888 loc. 181 / 09177736638/ 09175716869', '15.48927842', '120.9727478', 'Medical Center', '[\"treatment\"]', 'https://www.facebook.com/drpjgmrmc.doh/', '257', 1),
(218, 'Jose B. Lingad Memorial Regional Hospital (Bahay LInGAD)', 'Brgy. San Dolores, San Fernando, Pampanga', '(045) 435-6801 / 09336215028', '15.03897691', '120.6808779', 'Hospital', '[\"treatment\"]', 'https://www.facebook.com/bahaylingad/', '302', 1),
(219, 'Premiere Medical Center (TAHANAN sa Premiere)', 'Maharlika Highway, Daan Sarile, Cabanatuan City, Nueva Ecija', '(044) 463-7845 to 49 loc. 2073/ 09322128175/ 09052944300/ 095968173441', '15.50703722', '120.967129', 'Medical Center', '[\"treatment\", \"prep\", \"hubs\"]', 'https://www.facebook.com/tahanan.pmc', '257', 1),
(220, 'President Ramon Magsaysay Memorial Hospital (Balin Kalinga', 'Zambales Medical Society Building (beside Eye Center Clinic) Palanginan, Iba Zambales', '09153966014/ 09192442299', '15.31631606', '119.9914095', 'Hospital ', '[\"treatment\"]', 'https://www.facebook.com/RHWCAngeles/posts/httpswwwfacebookcomgroups1427532984164076permalink1801616243422413/1866093107001550/', '331', 1),
(221, 'Tarlac Provincial Hospital (TPH Cares)', 'San Vicente, Tarlac City', '(045) 491-8970 loc. 247', '15.47495658', '120.5869261', 'Hospital', '[\"treatment\"]', 'https://www.facebook.com/TPHCARES/', '324', 1),
(222, 'Batangas Medical Center (BATMC Wellness Zone)', 'Kumintang Ibaba, Batangas City', '(043) 723-0165', '13.76686951', '121.0663021', 'Medical Center', '[\"treatment\"]', 'https://www.facebook.com/HACTcares/', '353', 1),
(223, 'Calamba Doctors Hospital (Plus Life Center)', 'San Cristobal Bridge, Calamba, Laguna', '(049) 545 7371', '14.21753874', '121.1421869', 'Hospital', '[\"treatment\"]', 'https://www.facebook.com/CDHOFFICIALPAGE/', '1211', 1),
(224, 'General Emilio Aguinaldo Memorial Hospital', 'Brgy Luciano Trece Martires Cavite', '(046) 6860856', '14.27600719', '120.86975', 'Hospital', '[\"treatment\"]', 'https://www.filipinomd.com/Organizations/general-emilio-aguinaldo-memorial-hospital/', '404', 1),
(225, 'Laguna Medical Center (LMC HACT Clinic)', 'J. De Leon St, Santa Cruz, Laguna', '(049) 543-3351 / 09178465901', '14.27511084', '121.4190159', 'Medical Center/ Harm reduction facility', '[\"treatment\"]', 'https://www.facebook.com/pages/category/Government-Organization/Laguna-Medical-Center-418948045226998/', '339', 1),
(226, 'Ospital ng BiÑan (ONB HIV Treatment Hub)', 'Canlalay Bridge, BiÑan, Laguna', '(049) 511-4119', '14.33672975', '121.0748485', 'HIV Treatment Hub', '[\"treatment\"]', 'https://www.facebook.com/onbtxhub/', '408', 1),
(227, 'Quezon Medical Center (Live Positive Wellness Center)', 'Brgy XI, Quezon Avenue, Lucena, Quezon Province', '(042) 717-6323 loc. 342', '13.94220291', '121.6124568', 'Medical Center', '[\"treatment\"]', 'https://www.facebook.com/qmclivepositivewellnesshub/', '453', 1),
(228, 'Ospital ng Palawan (Red Top Center)', '220 Malvar St. Puerto Princesa City', '(048) 434-6864 / (048) 434-2148', '9.747844363', '118.7442517', 'Hospital', '[\"treatment\", \"pep\"]', 'https://www.facebook.com/redtopcenter/', '538', 1),
(229, 'Occidental Mindoro Provincial Hospital (ARUGA Clinic)', 'Paluan Road, Mamburao, Occidental Mindoro', '(043) 711-1116', '13.23071779', '120.5860552', 'Hospital', '[\"treatment\"]', 'https://www.facebook.com/Occidental-Mindoro-Provincial-Hospital-2140119042965913/', '502', 1),
(230, 'Oriental Mindoro Provincial Hospital (Purple Rain Clinic)', 'Sta. Isabel, Calapan City, Oriental Mindoro', '9164691469', '13.37683088', '121.1774171', 'Hospital', '[\"treatment\"]', 'https://www.facebook.com/PurpleRainClinic/', '512', 1),
(231, 'Bicol Regional Training and Teaching Hospital', 'Rizal St., Legazpi City', '(052) 483-0017 loc. 4227', '13.14701975', '123.7246776', 'Hospital', '[\"treatment\", \"pep\"]', 'https://www.facebook.com/pages/category/Hospital/Bicol-Regional-Training-and-Teaching-Hospital-160257467372254/', '569', 1),
(232, 'Bicol Medical Center', 'BMC Road, Naga, Camarines Sur', '(054) 811-7800', '13.62293011', '123.1986846', 'Medical Center', '[\"treatment\", \"pep\"]', 'https://www.facebook.com/BicolMedicalCenter/', '1149', 1),
(233, 'Angel Salazar Memorial General Hospital', 'Tobias A. Fornier St, San Jose de Buenavista, Antique', '(036) 540 7133', '10.75358879', '121.9423038', 'Hospital', '[\"treatment\", \"pep\"]', 'https://www.facebook.com/asmghantique2020/', '439', 1),
(234, 'Corazon Locsin Montelibano Memorial Regional Hospital', '2nd flr. OPD Bldg. Lacson St. cor Burgos, Bacolod City', 'y (034) 707-2280', '10.67223047', '122.9509994', 'Hospital', '[\"treatment\", \"pep\"]', 'https://www.facebook.com/pages/Corazon-Locsin-Montelibano-Memorial-Regional-Hospital/119571778061104?rf=196271924289910', '1185', 1),
(235, 'Dr. Rafael Tumbokon Memorial Hospital', 'Mabini St., Kalibo, Aklan', '(036) 268-6299', '11.70520164', '122.3657075', 'Hospital', '[\"treatment\"]', 'https://www.facebook.com/pages/category/Hospital/Dr-Rafael-S-Tumbokon-Memorial-Hospital-206771842680820/', '684', 1),
(236, 'The Medical City - Iloilo (i-REACT Clinic Iloilo)', 'Locsin St., Molo, Iloilo City', '(033) 500-1000', '10.69955299', '122.5427701', 'Clinic', '[\"treatment\", \"pep\"]', 'https://www.facebook.com/themedicalcityiloilo/photos/a.238680312863839/1631324773599379/?type=3', '750', 1),
(237, 'Western Visayas Medical Center', 'Q. Abeto St., Mandurriao, Iloilo City', '(033) 321-1631', '10.7187893', '122.5415929', 'Medical Center', '[\"treatment\"]', 'https://www.facebook.com/pages/category/Hospital/Western-Visayas-Medical-Center-1107564752590858/', '750', 1),
(238, 'Cebu Provincial Hospital - Balamban', 'Pilapil Street, Balamban, Cebu', '9275372900', '10.5116773', '123.7164049', 'Hospital', '[\"treatment\"]', 'https://www.facebook.com/cphbal/', '866', 1),
(239, 'Cebu Provincial Hospital - Carcar', 'Baracca St. Pob. 2 Carcar City, Cebu', '(032) 4878334', '10.09926354', '123.6437147', 'Hospital', '[\"treatment\"]', 'https://www.facebook.com/pages/Carcar-District-Hospital/620734028265146', '872', 1),
(240, 'Chong Hua Hospital - Mandaue (ART Club 802)', 'Int?l Mantawi Drive. Rec. Area, Bgy. Subangdaku, Mandaue', '(032) 233-8000 loc. 8880', '10.32280886', '123.9314179', 'Hospital', '[\"treatment\"]', 'https://www.facebook.com/ChongHuaMANDAUE/', '888', 1),
(241, 'Eversley Childs Sanitarium and General Hospital', 'Upper Jagobiao Rd, Mandaue City, Cebu', '(032) 346 2468', '10.3665024', '123.9536453', 'Hospital', '[\"treatment\"]', 'https://www.facebook.com/ECSGHOfficial/', '888', 1),
(242, 'Negros Oriental Provincial Hospital', 'Real St., Dumaguete City, Negros Oriental', '(6335) 225-0950/225-0949', '9.322733068', '123.3004262', 'Hospital', '[\"treatment\"]', 'https://www.facebook.com/pages/category/Local-Business/Negros-Oriental-Provincial-Hospital-195821653929916/', '921', 1),
(243, 'Talisay District Hospital', 'San Isidro, Dakbayan sa Talisay', '(032) 273 3226', '10.25379352', '123.8384298', 'Hospital', '[\"treatment\"]', 'https://www.facebook.com/DOHTDHCebu/', '378', 1),
(244, 'Visayas Community Medical Center (Balay Malingkawasnon)', 'OsmeÑa Blvd., Cebu City', '(032) 253 1901', '10.30642777', '123.8950704', 'Medical Center', '[\"treatment\"]', 'https://www.facebook.com/BalayMalingkawasnonVCMC/', '875', 1),
(245, 'Biliran Provincial Health Office (Reproductive Health Clinic)', 'Naval, Biliran', '(053) 561-5983', '11.51121798', '124.4984501', 'Health Clinic', '[\"treatment\"]', 'https://www.facebook.com/PHOhealthpromo/', '1085', 1),
(246, 'Eastern Samar Provincial Hospital', 'Borongan, Eastern Samar', '(055) 560-9869', '11.61141666', '125.4319143', 'Hospital', '[\"treatment\"]', 'https://www.facebook.com/SPHWeCareWeServe/?rf=501793319856076', '946', 1),
(247, 'Felipe Abrigo Memorial Hospital', 'Hillsview, Guiuan, Eastern Samar', '(055) 271-2180', '11.03554395', '125.7248167', 'Hospital', '[\"treatment\"]', '', '951', 1),
(248, 'Hilongos District Hospital', 'CV Alcuiwo St., Hilongos, Leyte', '(053) 336-2102', '10.3675633', '124.7565976', 'Hospital', '[\"treatment\"]', 'https://healthcarephilippines.com/directory/hilongos-district-hospital/', '979', 1),
(249, 'Northern Samar Provincial Hospital', 'Catarman, Northern Samar', '(055) 500-9770', '12.50025156', '124.636536', 'Hospital', '[\"treatment\"]', 'https://www.facebook.com/pages/category/Hospital/Northern-Samar-Provincial-Hospital-647085621970037/', '1180', 1),
(250, 'Corazon C. Aquino Memorial Hospital', 'Basong Dipolog, Zamboanga del Norte', '(065) 212-5555', '8.592806644', '123.3439819', 'Hospital', '[\"treatment\"]', 'https://www.facebook.com/pages/Corazon-C-Aquino-Hospital/577058175766527', '1087', 1),
(251, 'Zamboanga City Medical Center', 'Dr. Evangelista St., Sta. Catalina, Zamboanga City', '(062) 991-2934', '6.907250895', '122.0809695', 'Medical Center', '[\"treatment\", \"pep\"]', 'https://www.facebook.com/zcmcdoh9/', '1133', 1),
(252, 'Mayor Hilarion A. Ramiro Sr. Regional and Teaching Hospital', 'Bacolod , 7200 Ozamis City , Misamis Occidental', '(088) 521 0022', '8.169799322', '123.8579203', 'Hospital', '[\"treatment\"]', 'https://www.facebook.com/MHARSMedicalCenter/', '1217', 1),
(253, 'Davao Doctors Hospital (ARTU)', '118 E Quirino Avenue, Poblacion District, Davao City', '(082) 222 8000', '7.070153949', '125.6042333', 'Hospital', '[\"treatment\"]', 'https://www.ddh.com.ph/', '1263', 1),
(254, 'Davao Regional Medical Center (RED STAR Clinic)', 'Apokon, Tagum City, Davao del Norte', '(084) 400-3347 / 09239598931', '7.421924099', '125.8280466', 'Medical Center', '[\"treatment\", \"hubs\"]', 'https://www.facebook.com/redstarclinic/', '1258', 1),
(255, 'Southern Philippines Medical Center', 'J. P. Laurel St., Bajada, Davao City', '(082) 227-2731 loc. 5140 / (082) 321-7061', '7.098382676', '125.6198315', 'Medical Center/ Harm reduction facility', '[\"treatment\"]', 'https://www.facebook.com/SouthernPhilippinesMedicalCenter/', '1263', 1),
(256, 'South Cotabato Provincial Hospital (IPHO-SCPH HACT Clinic )', 'Aguinaldo St., Koronadal City, South Cotabato', '(083) 228-4571', '6.492787252', '124.8390956', 'Hospital', '[\"treatment\"]', 'https://www.facebook.com/pg/socotipho/posts/', '1320', 1),
(257, 'Baguio General Hospital and Medical Center', 'Governor Pack Road., Baguio City', '(074) 442-4216 loc. 381 / 09155816480', '16.40105829', '120.5956544', 'Medical Center', '[\"treatment\", \"pep\"]', 'https://www.facebook.com/bghmcofficialbaguio/', '1395', 1),
(258, 'Adela Serra Ty Memorial Medical Center (SDS Wellness Ctr.)', 'Capitol Hills, Telaje, Tandag, Surigao del Sur', '(086) 211-4306', '9.06855238', '126.1903864', 'Medical Center', '[\"treatment\", \"pep\"]', 'https://www.facebook.com/pages/category/Hospital/Adela-Serra-Ty-Memorial-Medical-Center-796940513723723/', '1627', 1),
(259, 'Butuan Medical Center (Pallative and Wellness Care Center)', 'Km 5 Baan, Butuan City', '9173208799', '8.961952247', '125.5860962', 'Medical Center', '[\"treatment\"]', 'https://www.facebook.com/caraganonicare/posts/hiv-testing-is-free-and-confidential-get-tested-and-know-your-hiv-statuswith-fre/684548958416816/', '1563', 1),
(260, 'CARAGA Regional Hospital (OP Wellness Center)', 'Rizal St. National Road, Surigao City', '(086) 826-0568 / 09173068186', '9.784384887', '125.4900407', 'Hospital', '[\"treatment\", \"pep\"]', 'https://www.facebook.com/caragarh/', '1606', 1),
(261, 'Democrito O. Plaza Memorial Hospital (Heart Room)', 'P2, Patin-ay, Prosperidad, Agusan del Sur', '9274698162', '8.546207397', '125.9415479', 'Medical Center', '[\"treatment\"]', 'https://www.facebook.com/DOPMH/', '1579', 1),
(262, 'Asian Hospital and Medical Center', '2205 Civic Drive, Filinvest City, Alabang', '(02) 771 9000 loc 8154/ 09989641964', '14.41348757', '121.0435308', 'Medical Center', '[\"treatment\"]', 'https://www.facebook.com/AsianHospitalPH/', '1362', 1),
(263, 'Dr. Jose N. Rodriguez Memorial Hospital', 'St. Joseph Avenue, Tala Caloocan', '09209824758/ 09253547547', '14.76673342', '121.0648459', 'Hospital', '[\"treatment\", \"pep\"]', 'https://www.facebook.com/officialtalahospital/', '1356', 1),
(264, 'Makati Medical Center (Center for Tropical & Travel Medicine)', '#2 Amorsolo St., Legaspi Village, Makati City', '(02) 888-8999 loc. 2134 (CTTM) / 09178014314', '14.55933282', '121.0145444', 'Medical Center', '[\"treatment\"]', 'https://www.facebook.com/IamMakatiMed/photos/you-can-be-physically-healthy-but-still-have-hiv-thats-why-its-important-to-know/2499110216836750/', '1361', 1),
(265, 'Manila Doctors Hospital', '667 United Nations Avenue, Ermita Manila', '(02) 558-0888 loc. 4480', '14.58195649', '120.983001', 'Hospital/ Harm reduction facility', '[\"treatment\"]', 'https://www.facebook.com/maniladoctorshospital/', '1350', 1),
(266, 'Mary Johnston Hospital', '1221 Juan Nolasco Street, Tondo Manila', '(02) 245-4021 loc 385/412', '14.60900396', '120.9662795', 'Hospital', '[\"treatment\"]', 'https://www.facebook.com/MJHhealingtogether/', '1350', 1),
(267, 'Philippine General Hospital (SAGIP - Unit)', 'Taft Ave., Manila', '(02) 554-8400 loc. 3249', '14.57772733', '120.9856127', 'Hospital', '[\"treatment\"]', 'https://www.facebook.com/Sagip.unit/', '1350', 1),
(268, 'Quezon City General Hospital', 'Seminary Road, EDSA', '(02) 863-0800', '14.66116952', '121.0182165', 'Hospital', '[\"treatment\"]', 'https://www.facebook.com/quezoncitygeneralhospitalofficial/', '1354', 1),
(269, 'Research Institute for Tropical Medicine', 'Filinvest Corporate City, Alabang, Muntinlupa City', '(02) 807-2628 loc. 332', '14.40986409', '121.0372607', '', '[\"treatment\"]', 'https://www.facebook.com/RITMPH/', '1362', 1),
(270, 'San Lazaro Hospital (H4 OPD Clinic)', 'Quiricada St., Sta. Cruz, Manila', '(02) 310-3128', '14.61371759', '120.9808981', 'Hospital', '[\"treatment\", \"pep\"]', 'https://m.facebook.com/PLHIVResponse/posts/2259707134334414', '1350', 1),
(271, 'St. Luke?s Medical Center - Global City (Room 1276)', 'Rizal Drive cor. 32nd & 5th Ave.,Taguig City', '(02) 789-7700', '14.55508803', '121.0487478', 'Medical Center', '[\"treatment\"]', 'https://www.facebook.com/StLukesPH/?rf=302594503264066', '1366', 1),
(272, 'Sta. Ana Hospital', 'New Panaderos St., Sta. Ana, Manila', '(02) 516-6790', '14.58334602', '121.0165111', 'Hospital', '[\"treatment\"]', 'https://www.facebook.com/Sta-Ana-Hospital-122115504470552/', '1350', 1),
(273, 'The Medical City - Ortigas (i-REACT Clinic Pasig)', 'Ortigas Ave., Pasig City', '(02) 988-1000 loc. 6765', '14.58957599', '121.0692484', 'Clinic', '[\"treatment\", \"pep\"]', 'https://www.facebook.com/TheMedicalCity/posts/2650733521603511', '1353', 1),
(274, 'Lacasandile Medical Clinic and Diagnostic Center', 'Bgy. Lacong National Highway, Tagudin Ilocos Sur', '9062518009', '16.93022625', '120.4535607', 'Diagnostic Center', '[\"treatment\"]', 'https://www.facebook.com/lacasandilemcdc/', '56', 1),
(275, 'Santiago City Health Office', 'Santiago-Tuguegarao Road, San Andres, Santiago, 3311', '(078) 305 2775', '16.7146621', '121.5535408', 'Health Office', '[\"treatment\"]', 'https://www.facebook.com/SantiagoCityHealthOffice/', '195', 1),
(276, 'Angeles City Reproductive Health and Wellness Center and Primary HIV Care Clinic (Bale AngeleÑo)', 'C. Surla St., Balibago, Angeles City', '09260726899/ 09325479455', '15.16548618', '120.6082924', 'Clinic', '[\"treatment\"]', 'https://www.facebook.com/RHWCAngeles/', '287', 1),
(277, 'Dr. Paulino J. Garcia Memorial Research and Medical Center - Talavera Extension Hospital (Talevera\'s Hope)', 'Maestrang Kikay District, Talavera, Nueva Ecija', '(044) 806-2276/ 09358124776/ 09218881119', '15.5820188', '120.9194927', 'Hospital', '[\"treatment\"]', 'https://m.facebook.com/profile.php?id=381667225216366', '284', 1),
(278, 'Guiguinto RHU II Primary Care Clinic Center (Gintong Kanlungan)', '2nd Flr, RHU II, Green Estate Subdivision, Guiguinto, Bulacan', '(044)760-3450/ 09325478488/ 09260726900', '14.84770581', '120.8931489', 'Medical Center', '[\"treatment\"]', 'https://www.facebook.com/pg/GintongKanlungan/services/?ref=page_internal', '238', 1),
(279, 'Guimba Community Hospital (Balay Ti Namnama)', 'L. de Ocampo St. Saranay District, Guimba, Nueva Ecija', '(044) 951-0485', '15.66166475', '120.7635217', 'Hospital', '[\"treatment\"]', 'https://www.facebook.com/pg/LuntiangSilong.BMC/posts/', '265', 1),
(280, 'Jose C. Payumo Jr. Memorial Hospital (HEARTH Unit)', 'Tala St. San Ramon, Dinalupihan, Bataan 2110', '09295852241/ 09156008004', '14.86443713', '120.4618813', 'Hospital', '[\"treatment\"]', 'https://www.facebook.com/jcpjmhs/?rf=143478926272685', '222', 1),
(281, 'Mabalacat RHU II (Lingap Balacat)', 'Brgy. Dau, Mabalacat City Pampanga', '09991067475 / 09260726596', '15.17486423', '120.5863687', 'Health Center', '[\"treatment\"]', '', '295', 1),
(282, 'Maria Aurora Community Hospital', 'Saturno St., Brgy. 01, Maria Aurora, Aurora', '9219112727', '15.79716718', '121.4774942', 'Hospital', '[\"treatment\"]', 'https://www.facebook.com/pages/category/Hospital/Maria-Aurora-Community-Hospital-Rhwcsth-136417303764111/', '347', 1),
(283, 'Meycauayan City Primary HIV Care Clinic', 'Peso St., St. Michael Homes, Pandayan, Meycauayan, Bulacan', '09272324119/ 09232982649', '14.73768056', '120.9606', 'Clinic', '[\"treatment\"]', 'https://www.facebook.com/105216579941626/posts/meycauayan-city-primary-hiv-care-clinic/519618355168111/', '242', 1),
(284, 'Ospital ng Lungsod ng San Jose del Monte (Villa Esperanza)', 'Sapang Palay, San Jose Del Monte, Bulacan', '9236335634', '14.85447709', '121.0572744', 'Hospital', '[\"treatment\"]', 'https://www.facebook.com/CSJDMVillaEsperanza1/', '250', 1),
(285, 'RHU 1 Marilao Bulacan (Kanaryong Silungan)', '2nd Floor, RHU 1, Northbound NLEX Road, Marilao, Bulacan', '9256070888', '14.77284776', '120.9601291', 'Health Center', '[\"treatment\"]', 'https://www.facebook.com/kanaryong18/', '241', 1),
(286, 'San Marcelino District Hospital Shelter of Holistic and Positive Embrace (HoPE) 1', '1st/F Admin Bldg, Ntl. Rd. Sto. Domingo, San Marcelino, Zambales', '9398630806', '14.92515812', '120.2179816', 'Hospital', '[\"treatment\"]', 'https://www.webbline.com/hiv-testing-centers/san-marcelino-district-hospital-shelter-of-holistic-and-positive-embrace-hiv-testing-center/', '337', 1),
(287, 'Antipolo Social Hygiene Clinic', 'M. Santos St., Brgy. San Roque, Antipolo City', '(02) 696-4097', '14.5857834', '121.1743568', 'Health Center', '[\"treatment\"]', 'https://www.facebook.com/ASHCSTH/', '478', 1),
(288, 'Bacoor Social Hygiene Clinic', 'Floraville Subdivision, Panapaan 1, Bacoor City', '9086144183', '14.44823352', '120.9557389', 'Health Center', '[\"treatment\"]', 'https://www.facebook.com/bacoorshc/', '385', 1),
(289, 'Cainta Reproductive Wellness - Socila Hygiene Clinic', 'Municipal Cmpd A. Bonifacio Ave. Brgy. Sto. Domingo, Cainta', '(02) 696 2607', '14.39588648', '121.0446965', 'Health Center', '[\"treatment\"]', 'https://www.facebook.com/RedTentPh/posts/list-of-hiv-testing-and-counseling-centerssan-lazaro-hospitalquiricada-st-sta-cr/1909593362641522/', '481', 1),
(290, 'DasmariÑas City Health Office I (SHC)', 'Zone 2, Manggubat St., City Health Office I, DasmariÑas, Cavite', '(046) 416-0279', '14.32935675', '120.9315956', 'Health Center', '[\"treatment\"]', 'https://www.facebook.com/pages/category/Government-Website/Dasmari%C3%B1as-City-Health-Office-I-104533537937395/', '388', 1),
(291, 'Imus Social Hygiene Clinic', 'Medicion 1C, Velarde Subdivision, Imus', '(046) 434-4057/ 09267013539/ 09258787158', '14.4195819', '120.9394175', 'Health Center', '[\"treatment\"]', 'https://www.facebook.com/pages/category/AIDS-Resource-Center/Imus-Social-Hygiene-Clinic-Satellite-Treatment-Facility-239711253178693/', '391', 1),
(292, 'Rodriguez Municipal Health Office', 'J.P Rizal St. Baliote Rodriguez Rizal', '9095681514', '14.73336404', '121.1452531', 'Health Center', '[\"treatment\"]', 'https://www.facebook.com/MontalbanBirthingHome/', '484', 1),
(293, 'San Pablo Social Hygiene Clinic', 'City Governance Bldg, Apolinario Mabini Ext, Barangay 5A, San Pablo City', '(049) 562 8116/ (049) 562 7872', '14.07456814', '121.3244522', 'Health Center', '[\"treatment\"]', 'https://www.webbline.com/hiv-testing-centers/san-pablo-social-hygiene-clinic/', '429', 1),
(294, 'Family Planning Organization of the Philippines - Community Health Care Birthing Center and Laboratory', 'Dulalia Bldg., Brgy. Maria Clara Iloilo City', '9175170111', '10.69210143', '122.5635965', 'Health Center', '[\"treatment\"]', 'https://www.facebook.com/FPOPiloilo/', '750', 1),
(295, 'Cebu Social Hygiene Clinic', 'General Maxilom Avenue Extension, Carreta, Cebu City', '(032) 233-0987/ 09255591663', '10.30797788', '123.9089378', 'Health Center', '[\"treatment\"]', 'https://www.facebook.com/cebucityshc/', '875', 1),
(296, 'Danao City Social Hygiene Clinic (Get Well Resource Center', 'Danao City Hall, F. Ralota St., Poblacion', '09176326694/ 09330266694', '10.70018172', '124.0116778', 'Health Center', '[\"treatment\"]', 'https://www.facebook.com/cebucityshc/', '874', 1),
(297, 'Mandaue City Social Hygiene Clinic', 'Mandaue City Health Office, F.B. Kabahog St. Centro Mandaue City', '(032) 268-2489/ 09285077400', '10.32472645', '123.941782', 'Health Center', '[\"treatment\"]', 'https://www.webbline.com/hiv-testing-centers/mandaue-city-social-hygiene-clinic/', '888', 1),
(298, 'Talisay City SHC', 'Multi Purpose Bldg, Brgy. Poblacion, Talisay City', '(032) 4915567/ (032)2734704', '10.27153727', '123.8433922', 'Health Center', '[\"treatment\"]', 'https://www.webbline.com/hiv-testing-centers/talisay-city-social-hygiene-clinic-hiv-testing-center/', '378', 1),
(299, 'Ormoc City Health Office', 'CHO Aunubing Street, Barangay Cogon, Ormoc City, Leyte', '9171126000', '11.01381609', '124.6036935', 'Health Center', '[\"treatment\"]', 'https://www.facebook.com/pages/category/Health-Beauty/Ormoc-City-Health-Department-101706494528096/', '995', 1),
(300, 'HIV/AIDS Primary Care Services Integration of Maramag', 'Dionisio Micayabas St. Maramag Bukidnon', '9177025990', '7.759037535', '125.0034675', 'Health Center', '[\"treatment\"]', 'https://www.facebook.com/pages/category/Health-Beauty/Ormoc-City-Health-Department-101706494528096/', '1172', 1),
(301, 'Davao Reproductive Health and Wellness Center', 'Emilio Jacinto St., Poblacion District, Davao City, Davao del Sur', '(082) 222-4187', '7.068755622', '125.6166351', 'Health Center', '[\"treatment\"]', 'https://www.facebook.com/RHWCDavao/', '1263', 1),
(302, 'General Santos City Social Hygiene Clinic', 'City Health Office, Fernandez St., Lagao, General Santos City', '(083) 302-8115', '7.071092376', '125.600488', 'Health Center', '[\"treatment\"]', 'https://www.facebook.com/CHO-Social-Hygiene-Clinic-General-Santos-City-140066696007999/', '1263', 1),
(303, 'Batasan Hills Super Health Center (SHC)', '#1 IBP Road, Batasan Hills, Quezon City', '09322959752/ 09232790558', '14.68631181', '121.0884492', 'Health Center', '[\"treatment\"]', 'https://www.facebook.com/batasansuper/', '1354', 1),
(304, 'Klinika Bernardo', 'Ermin Garcia St., Brgy. Pinagkaisahan, Quezon City', '(02) 9324033412', '14.62791752', '121.0466622', 'Clinic', '[\"treatment\"]', 'https://www.facebook.com/theklinikabernardo/', '1354', 1),
(305, 'Klinika Novaliches', '2nd flr. Bautista Building, 8 Dona Isaura, Novaliches, Quezon City', '9985734877', '14.72074194', '121.0365505', 'Clinic', '[\"treatment\"]', 'https://www.facebook.com/klinikanovaliches/', '1354', 1),
(306, 'Klinika Project 7', '39 Bansalangin St., Veterans Village, Project 7, Quezon City', '9178561158', '14.654501', '121.0233323', 'Clinic', '[\"treatment\"]', 'https://www.facebook.com/KlinikaProject7/', '1354', 1),
(307, 'Las PiÑas Social Hygiene Clinic', 'Barrio Hall, Alabang-Zapote Road, Almansa, Las PiÑas City', '(02) 800-6406', '14.43359447', '121.0133576', 'Health Center', '[\"treatment\"]', 'https://www.facebook.com/pages/category/Medical-Center/Las-Pinas-Social-Hygiene-Clinic-101387847179813/', '1360', 1),
(308, 'Love Yourself - Anglo Clinic', '3rd floor, Anglo Bldg. Shaw Blvd, Mandaluyong', '9278926611', '14.58349552', '121.0511991', 'Health Center/ Facility for Harm reduction', '[\"treatment\"]', 'https://www.facebook.com/loveyourselfanglo/', '1351', 1),
(309, 'Malabon City Social Hygiene Clinic', 'PBM Cpd. Dagat-dagatan cor. Maya-maya St. Lungos Malabon', '(02) 373-3431', '14.65395872', '120.9641277', 'Health Center', '[\"treatment\"]', 'https://www.facebook.com/SHCMalabon/', '1357', 1),
(310, 'Mandaluyong Social Hygiene Clinic', '20 M. Lerma St. cor. Vicencio St, Mandaluyong City', '(02) 546-7799', '14.58032859', '121.0272272', 'Health Center', '[\"treatment\"]', 'https://www.facebook.com/shcmanda/', '1351', 1),
(311, 'Manila Social Hygiene Clinic', '208 Quiricada St., Sta. Cruz, Manila', '(02) 711-6942', '14.61308898', '120.9813606', 'Health Center', '[\"treatment\"]', 'https://www.facebook.com/ManilaSocialHygiene/?rf=256937301687578', '1350', 1),
(312, 'Marikina City Satellite Treatment Hub', 'Marikina Healthy City Center, Shoe Ave., Sto. NiÑo, Marikina City', '(02) 948-8925 / 09175631722', '14.63583553', '121.0980394', 'Treatment Hub', '[\"treatment\"]', 'https://www.facebook.com/groups/165582007134918/', '1352', 1),
(313, 'ParaÑaque City Social Hygiene Clinic', '3rd Floor Paranaque City Hall, San Antonio Valley 1, San Antonio, Sucat', '(02) 826 8229/ (02) 826 8219', '14.47052791', '121.0222403', 'Health Center', '[\"treatment\"]', 'https://www.facebook.com/SHCParanaque/', '1363', 1),
(314, 'Pasay City Social Hygiene Clinic', '2nd Flr. DoÑa Elvira Lagrosa Health Center, FB Harrison Pasay', '(02) 809-3671', '14.54386358', '120.994861', 'Health Center', '[\"treatment\"]', 'https://www.facebook.com/pages/category/Medical---Health/Pasay-Social-Hygiene-Clinic-420966165406972/', '1364', 1),
(315, 'Pasig City Treatment Hub (PATH)', 'CHAMP Bldg, Caruncho Ave, Pasig City', '(02) 798-2572', '14.58964048', '121.069246', 'Treatment Hub', '[\"treatment\"]', 'https://www.facebook.com/pages/category/Social-Service/Pasig-City-Social-Hygiene-Clinic-Pasig-Treatment-Hub-1072635989523501/', '1353', 1),
(316, 'Project 7 Social Hygiene Clinic', '39 Bansalangin St., Veterans Village, Project 7, Quezon City', '09204227596/ 09998415060', '14.65456492', '121.0233374', 'Health Center', '[\"treatment\"]', 'https://www.facebook.com/qcpeereducators/', '1354', 1),
(317, 'San Juan City Social Hygiene Clinic', '2nd Floor Batis Health Center, F. Manala St. San Juan City', '09176678163/ 09277645343', '14.5984714', '121.0247553', 'Health Center', '[\"treatment\"]', 'https://www.facebook.com/sanjuanSHC/', '371', 1),
(318, 'Taguig Social Hygiene Clinic', 'TND Village Corner P. Cruz, Tuktukan', '(02) 642-1262/ 09267542917', '14.52829164', '121.0690427', 'Health Center', '[\"treatment\"]', 'https://www.facebook.com/taguigsocialhygiene/', '1366', 1),
(319, 'Valenzuela Social Hygiene Clinic', 'Valenzuela City Hall, Poblacion II, Malinta, Valenzuela City', '(02) 352-6000 loc. 6046', '14.69183539', '120.9695781', 'Health Center', '[\"treatment\"]', 'https://www.facebook.com/VCSHC/', '1359', 1),
(320, 'Bernardo Social Hygiene Clinic', 'Ermin Garcia St., Brgy. Pinagkaisahan, Quezon City', '9193635919', '14.62791768', '121.0466511', 'Health Center', '[\"treatment\"]', 'https://www.facebook.com/pages/category/Medical-Center/Bernardo-Social-Hygiene-Clinic-570922586350028/', '1354', 1),
(321, 'Muntinlupa Reproductive Health and Wellness Center', '2nd Flr, Putatan Health Center, Ntl. Rd, Putatan, Muntinlupa City', '(02) 834-5997', '14.39592935', '121.0447066', 'Health & Wellness Center', '[\"treatment\"]', 'https://www.facebook.com/RHWCRoom101/', '1362', 1),
(322, 'Klinika Batasan (Sundown Clinic)', '#1 IBP Road, Batasan Hills, Quezon City', '09366573531/ 09228012958', '14.68626308', '121.0880673', 'Clinic', '[\"treatment\"]', '', '1354', 1),
(323, 'Taguig City Drop-in Center', 'Service Road, Western Bicutan', '(02) 642-1262/ 09267542917', '14.51104781', '121.0340166', 'Health Center', '[\"treatment\"]', 'https://www.facebook.com/taguigsocialhygiene/', '1366', 1),
(324, 'HIV & AIDS Support House, Inc. (HASH)', 'Rm. 207, 1427 E. Rodriguez Sr. Ave., Kristong Hari, Quezon City 1112', '0947-896-9108 ', '14.62452918', '121.0370656', 'Facilitiy for Harm Reduction', '[\"treatment\", \"hubs\"]', 'https://www.facebook.com/HASHPilipinas', '1354', 1),
(325, 'Family Wellness Center, Inc', 'Unit 704 Pryce Center Building 1179 Chino Roces Ave, Makati, 1203 Metro Manila', '(02) 8897 8577', '14.56230988', '121.0110143', 'Facilitiy for Harm Reduction', '[\"treatment\"]', 'https://www.facebook.com/FamilyWellnessCenterFoundation', '1361', 1),
(326, 'DOH-TRC Tagaytay', 'Crisanto M. De Los Reyes Ave, Kaybagal South, Tagaytay, Cavite', '0908 531 7588', '14.10139894', '120.9401525', 'Facilitiy for Harm Reduction', '[\"treatment\"]', 'https://www.facebook.com/DOHTRCTAGAYTAYCITY', '401', 1),
(327, 'BJMP Region 4A', 'Calamba, Laguna', '0932 883 8754', '14.18021649', '121.1322278', 'Facilitiy for Harm Reduction', '[\"treatment\"]', 'https://www.facebook.com/bjmpregion4a', '1211', 1),
(328, 'San Jose del Monte HIV Care', ' Eduardo V. Rognero Sr. Avenue, Bagong Buhay, CSJDM Bulacan (inside Ospital ng SJDM)', '0923 633 5634', '14.85442524', '121.0573066', 'Facilitiy for Harm Reduction', '[\"treatment\"]', 'https://www.facebook.com/CSJDMVillaEsperanza2', '#N/A', 1),
(329, 'Mega Drug TRC', 'Palayan City, Nueva Ecija', '(044) 960 2502', '15.42662283', '121.094351', 'Facilitiy for Harm Reduction', '[\"treatment\"]', '', '#N/A', 1),
(330, 'Eastern Bicol Medical Center', 'Virac, Catanduanes', '(052) 811 1384', '13.58100169', '124.2200974', 'Facilitiy for Harm Reduction', '[\"treatment\"]', 'https://www.facebook.com/Eastern-Bicol-Medical-Center-144221756168268', '641', 1),
(331, 'Cebu City Social Hygiene Clinic', ' General Maxilom Avenue Extension, Cebu City, 6000 Cebu, Philippines', ' (032) 233 0987 | 0925 559 1663', '10.30795918', '123.9089598', 'Facilitiy for Harm Reduction', '[\"treatment\"]', 'https://www.facebook.com/cebucityshc', '875', 1),
(332, 'Cebu City COBAP', 'General Maxilom Ave Ext, Cebu City, Cebu', '', '10.30799907', '123.9090291', 'Facilitiy for Harm Reduction', '[\"treatment\"]', '', '875', 1),
(333, 'North Point Recovery and Wellness', 'Brgy.Puente, Carmen, Cebu', '0915 824 7777 / 0915 762 6666', '10.61308928', '124.0223737', 'Facilitiy for Harm Reduction', '[\"treatment\"]', '', '822', 1),
(334, 'Cebu Metro Psych Facility', 'Upper Malibu Beach Street, Mandaue, Lalawigan ng Cebu', '(032) 344 2141', '10.32327537', '123.9276598', 'Facilitiy for Harm Reduction', '[\"treatment\"]', '', '888', 1),
(335, 'Brgy. Subangdaku CBRP', 'Barangay Subangdaku, Mandaue', '345-2090/422-6247', '10.31959227', '123.9258177', 'Facilitiy for Harm Reduction', '[\"treatment\"]', '', '888', 1),
(336, 'Project 90 Cebu', 'Mandaue City Cebu', '', '10.35626984', '123.9245769', 'Facilitiy for Harm Reduction', '[\"treatment\"]', '', '888', 1),
(337, 'DOH-TRC Cagayan de Oro', 'Sayre Hwy, Cagayan de Oro, 9000 Misamis Oriental', '0917 140 7319', '8.48282832', '124.7821363', 'Facilitiy for Harm Reduction', '[\"treatment\"]', 'https://www.facebook.com/dohtrccagayandeoro', '1229', 1),
(338, 'I Will Serve Foundation', '2nd Floor Goodwill building Rizal Street Cagayan de Oro City Barangay 1, 9000', '', '8.475174288', '124.6426487', 'Facilitiy for Harm Reduction', '[\"treatment\"]', 'https://www.facebook.com/IWSFI', '1229', 1),
(339, 'Journey Home Wellness Center', '101 St Paul St, Cagayan de Oro, Misamis Oriental', '0926 194 9907', '8.497858416', '124.6423133', 'Facilitiy for Harm Reduction', '[\"treatment\"]', 'https://www.facebook.com/journeyhomewellnesscenter', '1229', 1),
(340, 'Butuan Medical Center CBRP', 'Butuan City, Agusan Del Norte', '(085) 341 7490', '8.961969588', '125.5860913', 'Facilitiy for Harm Reduction', '[\"treatment\"]', 'https://www.facebook.com/Butuan-Medical-Center-1769867356449163', '1563', 1),
(341, 'Butuan Palliative & Wellness Center', 'Butuan City, Agusan Del Norte', '', '8.940751828', '125.5130708', 'Facilitiy for Harm Reduction', '[\"treatment\"]', 'https://www.facebook.com/pages/Palliative%20&%20Wellness%20Care%20Center/1667609563532848/', '1563', 1),
(342, 'Butuan City Health Department', 'Butuan City', '(085) 342-3432 / 815111 local 1038', '8.957726903', '125.5686407', 'Facilitiy for Harm Reduction', '[\"treatment\"]', 'https://www.facebook.com/ButuanCHO', '1563', 1),
(343, 'Smart Treatment Center', 'Ozamis City', '0917 702 351', '8.150317341', '123.8475703', 'Facilitiy for Harm Reduction', '[\"treatment\"]', 'https://www.facebook.com/maticbernad', '1217', 1),
(344, 'Ozamis City Local Government', 'Ozamiz City, Misamis Occidental', '', '8.150986424', '123.8501693', 'Facilitiy for Harm Reduction', '[\"treatment\"]', 'https://www.facebook.com/ozamizcityph', '1217', 1),
(345, 'It Works! Chemical Dependency Center', 'Purok Mauswagon Brgy, Ozamiz City, Misamis Occidental', '(088) 521 1281', '8.145285632', '123.8364336', 'Facilitiy for Harm Reduction', '[\"treatment\"]', 'https://www.facebook.com/It-Works-Chemical-Dependency-Treatment-Center-112055162213198', '1217', 1),
(346, 'Tangub City CBRP', 'Tangub City, Misamis Occidental', '', '8.060556784', '123.7508587', 'Facilitiy for Harm Reduction', '[\"treatment\"]', 'https://www.facebook.com/tangubcity', '1222', 1),
(347, 'Alliance Against AIDS ? Mindanao', 'Luisa St, Juna Subivision, Matina, Davao City, 8000 Davao del Sur', '(082) 296 2307', '7.053451662', '125.5938457', 'Facilitiy for Harm Reduction', '[\"treatment\"]', 'https://www.facebook.com/services93/photos/?ref=page_internal', '1263', 1),
(348, 'Tagum City Health Office', 'Ernesto Punzalan St, Tagum, Davao del Norte', '(084)216-7040', '7.447559379', '125.7950381', 'Facilitiy for Harm Reduction', '[\"treatment\"]', 'https://www.facebook.com/CHOTAGUM', '1258', 1),
(349, 'Iligan City Social Hygiene Clinic', 'Iligan City', '(063) 221-6174', '8.233153054', '124.2415785', 'Facilitiy for Harm Reduction', '[\"treatment\"]', '', '1188', 1),
(350, 'Governor Celestino Gallares Memorial Hospital ', 'Miguel Parras Street 6300 Tagbilaran City, Philippines', '9430585721', '9.644206637', '123.857058', 'HIV/STI testing and treatment facility', '[\"treatment\"]', 'https://www.facebook.com/gcgmhofficial', '852', 1),
(351, 'IDUCARE', 'Home of Hope of the Camillians, Cebu Caritas Inc., P. Gomez St. 6000 Cebu City, Philippines', '0995 411 5356/ 09330456372', '10.29592984', '123.9032475', 'HIV/STI testing and treatment facility', '[\"treatment\"]', 'https://www.facebook.com/IDUCAREHomeOfHope', '875', 1);

-- --------------------------------------------------------

--
-- Table structure for table `province`
--

CREATE TABLE `province` (
  `id` int NOT NULL,
  `region_id` int NOT NULL,
  `name` varchar(255) CHARACTER SET utf8 COLLATE utf8_unicode_ci DEFAULT NULL
) ENGINE=InnoDB DEFAULT CHARSET=utf8 COLLATE=utf8_unicode_ci;

--
-- Dumping data for table `province`
--

INSERT INTO `province` (`id`, `region_id`, `name`) VALUES
(1, 1, 'ILOCOS NORTE'),
(2, 1, 'ILOCOS SUR'),
(3, 1, 'LA UNION'),
(4, 1, 'PANGASINAN'),
(5, 2, 'BATANES'),
(6, 2, 'CAGAYAN'),
(7, 2, 'ISABELA'),
(8, 2, 'NUEVA VIZCAYA'),
(9, 2, 'QUIRINO'),
(16, 3, 'AURORA'),
(10, 3, 'BATAAN'),
(11, 3, 'BULACAN'),
(12, 3, 'NUEVA ECIJA'),
(13, 3, 'PAMPANGA'),
(14, 3, 'TARLAC'),
(15, 3, 'ZAMBALES'),
(17, 4, 'BATANGAS'),
(18, 4, 'CAVITE'),
(19, 4, 'LAGUNA'),
(20, 4, 'QUEZON'),
(21, 4, 'RIZAL'),
(22, 5, 'MARINDUQUE'),
(23, 5, 'OCCIDENTAL MINDORO'),
(24, 5, 'ORIENTAL MINDORO'),
(25, 5, 'PALAWAN'),
(26, 5, 'ROMBLON'),
(27, 6, 'ALBAY'),
(28, 6, 'CAMARINES NORTE'),
(29, 6, 'CAMARINES SUR'),
(30, 6, 'CATANDUANES'),
(31, 6, 'MASBATE'),
(32, 6, 'SORSOGON'),
(33, 7, 'AKLAN'),
(34, 7, 'ANTIQUE'),
(35, 7, 'CAPIZ'),
(38, 7, 'GUIMARAS'),
(36, 7, 'ILOILO'),
(37, 7, 'NEGROS OCCIDENTAL'),
(39, 8, 'BOHOL'),
(40, 8, 'CEBU'),
(41, 8, 'NEGROS ORIENTAL'),
(42, 8, 'SIQUIJOR'),
(48, 9, 'BILIRAN'),
(43, 9, 'EASTERN SAMAR'),
(44, 9, 'LEYTE'),
(45, 9, 'NORTHERN SAMAR'),
(46, 9, 'SAMAR (WESTERN SAMAR)'),
(47, 9, 'SOUTHERN LEYTE'),
(49, 10, 'ZAMBOANGA DEL NORTE'),
(50, 10, 'ZAMBOANGA DEL SUR'),
(51, 10, 'ZAMBOANGA SIBUGAY'),
(52, 11, 'BUKIDNON'),
(53, 11, 'CAMIGUIN'),
(54, 11, 'LANAO DEL NORTE'),
(55, 11, 'MISAMIS OCCIDENTAL'),
(56, 11, 'MISAMIS ORIENTAL'),
(60, 12, 'DAVAO DE ORO (COMPOSTELA VALLEY)'),
(57, 12, 'DAVAO DEL NORTE'),
(58, 12, 'DAVAO DEL SUR'),
(61, 12, 'DAVAO OCCIDENTAL'),
(59, 12, 'DAVAO ORIENTAL'),
(62, 13, 'COTABATO (NORTH COTABATO)'),
(65, 13, 'SARANGANI'),
(63, 13, 'SOUTH COTABATO'),
(64, 13, 'SULTAN KUDARAT'),
(66, 14, 'NCR, CITY OF MANILA, FIRST DISTRICT (Not a Province)'),
(69, 14, 'NCR, FOURTH DISTRICT (Not a Province)'),
(67, 14, 'NCR, SECOND DISTRICT (Not a Province)'),
(68, 14, 'NCR, THIRD DISTRICT (Not a Province)'),
(70, 15, 'ABRA'),
(75, 15, 'APAYAO'),
(71, 15, 'BENGUET'),
(72, 15, 'IFUGAO'),
(73, 15, 'KALINGA'),
(74, 15, 'MOUNTAIN PROVINCE'),
(76, 16, 'BASILAN'),
(77, 16, 'LANAO DEL SUR'),
(78, 16, 'MAGUINDANAO'),
(79, 16, 'SULU'),
(80, 16, 'TAWI-TAWI'),
(81, 17, 'AGUSAN DEL NORTE'),
(82, 17, 'AGUSAN DEL SUR'),
(85, 17, 'DINAGAT ISLANDS'),
(83, 17, 'SURIGAO DEL NORTE'),
(84, 17, 'SURIGAO DEL SUR');

-- --------------------------------------------------------

--
-- Table structure for table `region`
--

CREATE TABLE `region` (
  `id` int NOT NULL,
  `name` varchar(255) CHARACTER SET utf8 COLLATE utf8_unicode_ci DEFAULT NULL,
  `latitude` float(10,6) NOT NULL,
  `longitude` float(10,6) NOT NULL
) ENGINE=InnoDB DEFAULT CHARSET=utf8 COLLATE=utf8_unicode_ci;

--
-- Dumping data for table `region`
--

INSERT INTO `region` (`id`, `name`, `latitude`, `longitude`) VALUES
(1, 'REGION I (ILOCOS REGION)', 16.335770, 120.601761),
(2, 'REGION II (CAGAYAN VALLEY)', 17.189701, 121.794327),
(3, 'REGION III (CENTRAL LUZON)', 15.655765, 120.739723),
(4, 'REGION IV-A (CALABARZON)', 14.186419, 121.066689),
(5, 'MIMAROPA REGION', 10.164825, 118.870934),
(6, 'REGION V (BICOL REGION)', 13.652580, 123.467575),
(7, 'REGION VI (WESTERN VISAYAS)', 11.247408, 122.485580),
(8, 'REGION VII (CENTRAL VISAYAS)', 9.876597, 124.071831),
(9, 'REGION VIII (EASTERN VISAYAS)', 12.451631, 125.034409),
(10, 'REGION IX (ZAMBOANGA PENINSULA)', 8.259690, 123.221405),
(11, 'REGION X (NORTHERN MINDANAO)', 8.278401, 124.599464),
(12, 'REGION XI (DAVAO REGION)', 7.401992, 126.082985),
(13, 'REGION XII (SOCCSKSARGEN)', 6.370878, 124.675247),
(14, 'NATIONAL CAPITAL REGION (NCR)', 14.604842, 121.023331),
(15, 'CORDILLERA ADMINISTRATIVE REGION (CAR)', 17.336840, 121.165810),
(16, 'AUTONOMOUS REGION IN MUSLIM MINDANAO (ARMM)', 7.099114, 124.208389),
(17, 'REGION XIII (Caraga)', 8.896864, 125.722572);

--
-- Indexes for dumped tables
--

--
-- Indexes for table `category`
--
ALTER TABLE `category`
  ADD PRIMARY KEY (`id`);

--
-- Indexes for table `city`
--
ALTER TABLE `city`
  ADD PRIMARY KEY (`id`),
  ADD UNIQUE KEY `idx-unique-city-province_id-name` (`province_id`,`name`);

--
-- Indexes for table `establishment`
--
ALTER TABLE `establishment`
  ADD PRIMARY KEY (`id`);

--
-- Indexes for table `province`
--
ALTER TABLE `province`
  ADD PRIMARY KEY (`id`),
  ADD UNIQUE KEY `idx-unique-province-region_id-name` (`region_id`,`name`),
  ADD KEY `idx-province-region_id` (`region_id`);

--
-- Indexes for table `region`
--
ALTER TABLE `region`
  ADD PRIMARY KEY (`id`),
  ADD UNIQUE KEY `name` (`name`);

--
-- AUTO_INCREMENT for dumped tables
--

--
-- AUTO_INCREMENT for table `category`
--
ALTER TABLE `category`
  MODIFY `id` int NOT NULL AUTO_INCREMENT, AUTO_INCREMENT=5;

--
-- AUTO_INCREMENT for table `city`
--
ALTER TABLE `city`
  MODIFY `id` int NOT NULL AUTO_INCREMENT, AUTO_INCREMENT=1635;

--
-- AUTO_INCREMENT for table `establishment`
--
ALTER TABLE `establishment`
  MODIFY `id` int NOT NULL AUTO_INCREMENT, AUTO_INCREMENT=352;

--
-- AUTO_INCREMENT for table `province`
--
ALTER TABLE `province`
  MODIFY `id` int NOT NULL AUTO_INCREMENT, AUTO_INCREMENT=86;

--
-- AUTO_INCREMENT for table `region`
--
ALTER TABLE `region`
  MODIFY `id` int NOT NULL AUTO_INCREMENT, AUTO_INCREMENT=18;

--
-- Constraints for dumped tables
--

--
-- Constraints for table `city`
--
ALTER TABLE `city`
  ADD CONSTRAINT `fk-city-province_id` FOREIGN KEY (`province_id`) REFERENCES `province` (`id`) ON DELETE RESTRICT ON UPDATE CASCADE;

--
-- Constraints for table `province`
--
ALTER TABLE `province`
  ADD CONSTRAINT `fk-province-region_id` FOREIGN KEY (`region_id`) REFERENCES `region` (`id`) ON DELETE RESTRICT ON UPDATE CASCADE;
COMMIT;

/*!40101 SET CHARACTER_SET_CLIENT=@OLD_CHARACTER_SET_CLIENT */;
/*!40101 SET CHARACTER_SET_RESULTS=@OLD_CHARACTER_SET_RESULTS */;
/*!40101 SET COLLATION_CONNECTION=@OLD_COLLATION_CONNECTION */;
